time,V(101),V(102),V(103),V(104),V(107),V(106),V(108),V(110),V(114),V(111),V(115),V(129),V(109),V(139),V(149),V(154),V(164),V(112),V(212),V(113),V(213)
0,3,2.87235,2.86656,0.987257,0.458936,1.00056,0.461887,0.600324,0.0051448,0.600189,0.00554225,0.00514739,0.00455781,0.00514648,0.00321907,0.999999,1,0.6,0,0.6,-6.61217e-09
5e-11,3,2.83262,2.82987,1.15551,0.539734,1.00151,0.539213,0.600789,0.00564222,0.605027,0.00607714,0.00560487,0.00501305,0.00562863,0.00332061,1.16739,1,0.6,0,0.604361,0.00187381
1e-10,3,2.78972,2.78425,1.31187,0.659305,1.00279,0.6555,0.601177,0.00607582,0.60956,0.0065257,0.0060219,0.00542684,0.00606977,0.00343983,1.3215,1,0.6,0,0.608499,0.00368124
1.5e-10,3,2.7642,2.75409,1.44332,0.784745,1.00372,0.777993,0.601241,0.00639557,0.613341,0.00683694,0.00635971,0.00576251,0.00642987,0.0035713,1.45007,1,0.6,0,0.612204,0.00535826
2e-10,3,2.76149,2.74651,1.53907,0.889167,1.00385,0.879596,0.601035,0.00659433,0.616233,0.00700002,0.00658239,0.00598447,0.00667153,0.0037079,1.5429,1,0.6,0,0.615289,0.00684547
2.5e-10,3,2.77604,2.75678,1.59156,0.958879,1.00323,0.946552,0.60069,0.00666139,0.618215,0.00700636,0.00666567,0.00606801,0.0067693,0.00384149,1.59261,1,0.6,0,0.617601,0.00809016
3e-10,3,2.80156,2.77903,1.59681,0.987262,1.00208,0.972247,0.600276,0.00658103,0.619248,0.00684426,0.00659642,0.00599968,0.00670908,0.00396365,1.59527,1,0.6,0,0.619029,0.00904825
3.5e-10,3,2.83288,2.80836,1.55453,0.972511,1.00064,0.954895,0.599844,0.00635038,0.619315,0.00651668,0.00637311,0.00577773,0.00648881,0.00406633,1.55065,1,0.6,0,0.619509,0.00968582
4e-10,3,2.86584,2.84075,1.46817,0.916752,0.9991,0.896635,0.599432,0.00597958,0.618443,0.00604095,0.00600618,0.00541239,0.0061188,0.00414252,1.46231,1,0.6,0,0.619029,0.00998027
4.5e-10,3,2.89707,2.87282,1.34463,0.825426,0.997633,0.802923,0.599074,0.00549022,0.616703,0.00544633,0.00551742,0.00492527,0.00562118,0.00418683,1.33725,1,0.6,0,0.617626,0.00992115
5e-10,3,2.92396,2.90185,1.19374,0.706493,0.996368,0.681786,0.598796,0.00491327,0.614205,0.00477108,0.00493836,0.00434772,0.0050282,0.00419593,1.18541,1,0.6,0,0.615388,0.00951057
5.5e-10,3,2.93819,2.92586,1.02754,0.57244,0.995471,0.550062,0.598641,0.00429359,0.611166,0.00407273,0.00431113,0.00372154,0.00438338,0.00416908,1.01885,1,0.6,0,0.612444,0.00876307
6e-10,3,2.91348,2.91854,0.859804,0.477042,0.995583,0.459557,0.599018,0.00375256,0.608094,0.00346663,0.0037092,0.00311701,0.00376118,0.00410953,0.850787,1,0.6,0,0.608958,0.00770514
6.5e-10,3,2.87466,2.88564,0.703894,0.431737,0.996738,0.420585,0.599517,0.00325211,0.604777,0.00291636,0.00317953,0.00258298,0.00320956,0.00402312,0.694576,1,0.6,0,0.605121,0.00637424
7e-10,3,2.84805,2.85763,0.571471,0.413522,0.998126,0.407747,0.599793,0.00279622,0.601062,0.00242518,0.00273854,0.00213853,0.00274587,0.00391645,0.562619,1,0.6,0,0.601136,0.00481754
7.5e-10,3,2.83715,2.84234,0.472616,0.40777,0.999199,0.406426,0.599921,0.0024389,0.597257,0.00205511,0.00239904,0.00179663,0.00238423,0.00379646,0.465397,1,0.6,0,0.597212,0.00309018
8e-10,3,2.838,2.83797,0.415196,0.407501,0.99989,0.409985,0.599979,0.00219572,0.593639,0.00182044,0.0021705,0.00156658,0.00213529,0.00367024,0.410628,1,0.6,0,0.593548,0.00125335
8.5e-10,3,2.84599,2.84088,0.403917,0.40965,1.00029,0.415529,0.600005,0.00206978,0.590428,0.00172169,0.00205729,0.00145262,0.00200436,0.00354472,0.402663,1,0.6,0,0.590324,-0.000627833
9e-10,3,2.85762,2.84796,0.439802,0.412838,1.00049,0.4217,0.600017,0.00205879,0.58779,0.00175364,0.00205791,0.00145319,0.00199071,0.00342633,0.442133,1,0.6,0,0.58769,-0.00248686
9.5e-10,3,2.87041,2.85696,0.520084,0.416358,1.00057,0.427727,0.600021,0.0021555,0.585848,0.0019058,0.00216522,0.00156108,0.00208769,0.00332075,0.525906,1,0.6,0,0.585762,-0.00425778
1e-09,3,2.88263,2.86624,0.638433,0.419761,1.00056,0.433065,0.600021,0.00234795,0.584676,0.00216269,0.00236701,0.00176402,0.00228339,0.00323264,0.647328,1,0.6,0,0.584612,-0.00587784
1.05e-09,3,2.89303,2.87462,0.785473,0.422708,1.00048,0.437275,0.600017,0.0026202,0.584305,0.00250477,0.00264703,0.00204565,0.0025616,0.00316545,0.796757,1,0.6,0,0.584267,-0.00728968
1.1e-09,3,2.88368,2.87342,0.949803,0.446172,1.00061,0.45795,0.600219,0.00299392,0.584896,0.0029435,0.00299968,0.00239864,0.00291623,0.00312205,0.962325,1,0.6,0,0.584711,-0.00844328
1.15e-09,3,2.84615,2.84677,1.11882,0.516998,1.0014,0.52672,0.600689,0.00346033,0.58653,0.00348016,0.00342566,0.00282254,0.00334806,0.00310509,1.13089,1,0.6,0,0.585885,-0.00929776
1.2e-09,3,2.7988,2.80941,1.27897,0.629444,1.00265,0.638865,0.601106,0.00395047,0.588758,0.00403704,0.00390352,0.00329758,0.00383521,0.00311599,1.28905,1,0.6,0,0.58769,-0.00982287
1.25e-09,3,2.76626,2.77997,1.41698,0.756677,1.00369,0.764839,0.601259,0.00442347,0.591201,0.00456863,0.00439387,0.00378616,0.00433765,0.00315392,1.42426,1,0.6,0,0.59,-0.01
1.3e-09,3,2.75823,2.77133,1.52142,0.86737,1.00399,0.874043,0.601099,0.00484825,0.593696,0.00504668,0.00485216,0.00424468,0.00481035,0.00321566,1.52578,1,0.6,0,0.592664,-0.00982287
1.35e-09,3,2.76947,2.78016,1.58397,0.945659,1.00349,0.950672,0.600778,0.00521509,0.596225,0.00545309,0.00524364,0.00463788,0.00521767,0.00329617,1.58555,1,0.6,0,0.59552,-0.00929777
1.4e-09,3,2.79329,2.80074,1.59984,0.983656,1.00241,0.986798,0.600376,0.00549591,0.598702,0.00575735,0.00554219,0.0049392,0.00553248,0.00338917,1.59882,1,0.6,0,0.598402,-0.00844329
1.45e-09,3,2.82409,2.82806,1.56792,0.978606,1.00098,0.979617,0.599945,0.00567187,0.601022,0.00593969,0.00573045,0.00513098,0.00573646,0.00348776,1.56453,1,0.6,0,0.601154,-0.0072897
1.5e-09,3,2.85747,2.85807,1.49085,0.931831,0.999423,0.930394,0.599526,0.00573478,0.603085,0.00599222,0.00580038,0.00520484,0.00582061,0.00358495,1.48541,1,0.6,0,0.603633,-0.00587786
1.55e-09,3,2.88982,2.88748,1.37479,0.848122,0.997902,0.843831,0.599155,0.00568584,0.604807,0.00591777,0.00575315,0.00516166,0.00578537,0.0036742,1.36774,1,0.6,0,0.605722,-0.0042578
1.6e-09,3,2.91831,2.91368,1.22898,0.735001,0.996559,0.727325,0.598858,0.00553444,0.606127,0.0057285,0.00559855,0.0050109,0.00563993,0.00374986,1.22088,1,0.6,0,0.607336,-0.00248691
1.65e-09,3,2.94026,2.93501,1.065,0.601808,0.995504,0.590696,0.598655,0.005297,0.607018,0.00544538,0.00535381,0.00476957,0.00540124,0.00380758,1.05647,1,0.6,0,0.60842,-0.000627912
1.7e-09,3,2.92765,2.93034,0.896359,0.494152,0.995307,0.482691,0.598901,0.00506522,0.607844,0.00516989,0.00506781,0.00448372,0.00511849,0.00384585,0.887572,1,0.6,0,0.608958,0.00125333
1.75e-09,3,2.8878,2.8969,0.736728,0.440044,0.996262,0.429501,0.599431,0.00483079,0.608407,0.00488678,0.00478256,0.00419558,0.00483353,0.00386565,0.727606,1,0.6,0,0.608968,0.00309016
1.8e-09,3,2.85395,2.86567,0.598151,0.417513,0.997661,0.408258,0.599751,0.0045509,0.608271,0.00455787,0.00450594,0.00391626,0.00455443,0.00386851,0.589272,1,0.6,0,0.608499,0.00481753
1.85e-09,3,2.8352,2.84729,0.491072,0.409867,0.998831,0.401782,0.599903,0.00427879,0.607559,0.00424097,0.00424399,0.00365223,0.00428759,0.00385627,0.483555,1,0.6,0,0.607628,0.00637423
1.9e-09,3,2.82945,2.84073,0.423934,0.408783,0.99962,0.401816,0.59997,0.0040324,0.606456,0.003958,0.00400455,0.00341112,0.00404147,0.00383107,0.418851,1,0.6,0,0.606452,0.00770512
1.95e-09,3,2.83241,2.84228,0.4022,0.410556,1.0001,0.404745,0.6,0.00381854,0.60512,0.00371749,0.00379571,0.0032009,0.00382482,0.0037954,0.400297,1,0.6,0,0.605082,0.00876303
2e-09,3,2.84043,2.84856,0.427731,0.41354,1.00036,0.40895,0.600013,0.00364289,0.603686,0.00352605,0.00362462,0.00302872,0.00364547,0.00375201,0.429365,1,0.6,0,0.603633,0.00951055
2.05e-09,3,2.85087,2.85711,0.498597,0.416922,1.00048,0.41359,0.600017,0.00351043,0.602274,0.00338881,0.00349688,0.00290016,0.00350967,0.00370379,0.503751,1,0.6,0,0.602216,0.00992114
2.1e-09,3,2.86183,2.86619,0.609222,0.420218,1.00051,0.418121,0.600017,0.00342464,0.600987,0.00330854,0.00341607,0.00281884,0.00342157,0.0036537,0.617545,1,0.6,0,0.600932,0.00998027
2.15e-09,3,2.87193,2.87454,0.750849,0.423077,1.00046,0.42212,0.600013,0.00338693,0.599909,0.00328525,0.0033835,0.00278606,0.00338292,0.00360459,0.761711,1,0.6,0,0.599863,0.00968583
2.2e-09,3,2.87252,2.8736,0.912409,0.437268,1.00052,0.437279,0.600125,0.00342005,0.599219,0.00333966,0.00340649,0.00280824,0.00340139,0.00355951,0.924799,1,0.6,0,0.599068,0.00904827
2.25e-09,3,2.8447,2.84534,1.08158,0.49761,1.0012,0.498158,0.600581,0.00356605,0.599176,0.00351081,0.00350721,0.00290543,0.00349928,0.00352249,1.09386,1,0.6,0,0.59858,0.00809017
2.3e-09,3,2.80426,2.80547,1.24489,0.601229,1.0024,0.60214,0.601014,0.00375442,0.599424,0.00372695,0.00368156,0.00307541,0.00367252,0.00349718,1.25547,1,0.6,0,0.598402,0.00684548
2.35e-09,3,2.76896,2.77064,1.3889,0.728772,1.00356,0.729795,0.601258,0.00397147,0.59977,0.00397151,0.0039087,0.00329878,0.00390017,0.00348595,1.39679,1,0.6,0,0.598513,0.00535827
2.4e-09,3,2.75667,2.75843,1.50165,0.844831,1.00406,0.845767,0.60115,0.00417502,0.600006,0.00420038,0.0041508,0.00353943,0.00414419,0.00348898,1.5066,1,0.6,0,0.598864,0.00368125
2.45e-09,3,2.7645,2.76598,1.57406,0.931093,1.00373,0.931794,0.600855,0.00437044,0.60023,0.00441598,0.0043771,0.00376613,0.00437345,0.00350467,1.57618,1,0.6,0,0.599387,0.00187382
2.5e-09,3,2.78605,2.78701,1.60053,0.978294,1.00276,0.978633,0.600466,0.00453247,0.600451,0.00459077,0.00456293,0.00395378,0.00456278,0.00353009,1.6,1,0.6,0,0.6,2.18585e-08
2.55e-09,3,2.81566,2.81594,1.57915,0.982672,1.0014,0.982545,0.600038,0.00464096,0.600635,0.00470313,0.00468979,0.00408358,0.00469317,0.00356142,1.57618,1,0.6,0,0.600613,-0.00187377
2.6e-09,3,2.84874,2.84835,1.5117,0.944701,0.999854,0.944029,0.599614,0.00468443,0.600734,0.00474102,0.00474619,0.00414369,0.00475259,0.00359438,1.5066,1,0.6,0,0.601136,-0.00368123
2.65e-09,3,2.88159,2.88063,1.40361,0.868448,0.998314,0.867186,0.59923,0.00465908,0.600704,0.00470096,0.00472804,0.00412967,0.00473644,0.00362468,1.39679,1,0.6,0,0.601487,-0.00535826
2.7e-09,3,2.9112,2.90987,1.26348,0.760896,0.996924,0.759048,0.598915,0.00456789,0.600504,0.00458726,0.00463842,0.00404429,0.00464745,0.00364843,1.25547,1,0.6,0,0.601598,-0.00684547
2.75e-09,3,2.93538,2.93396,1.10245,0.630975,0.995799,0.628631,0.598689,0.00441954,0.600107,0.00441062,0.0044867,0.00389659,0.00449471,0.00366247,1.09386,1,0.6,0,0.60142,-0.00809017
2.8e-09,3,2.93693,2.93685,0.933614,0.512361,0.99534,0.510448,0.598795,0.0042739,0.599741,0.00423462,0.00430411,0.00371581,0.00430943,0.00366549,0.924801,1,0.6,0,0.600932,-0.00904827
2.85e-09,3,2.90443,2.90515,0.770848,0.447895,0.996048,0.44681,0.599329,0.00416531,0.599489,0.00409333,0.00413329,0.00354307,0.00413424,0.00365856,0.761712,1,0.6,0,0.600137,-0.00968583
2.9e-09,3,2.8708,2.87116,0.626614,0.420203,0.997402,0.420132,0.599699,0.00401403,0.598798,0.00391055,0.0039785,0.00338615,0.00397354,0.00364314,0.617546,1,0.6,0,0.599068,-0.00998027
2.95e-09,3,2.85033,2.84959,0.511705,0.410307,0.998637,0.411333,0.599881,0.00386357,0.597701,0.003733,0.00383854,0.00324469,0.00382647,0.00362059,0.503752,1,0.6,0,0.597784,-0.00992115
3e-09,3,2.84298,2.84072,0.435093,0.408306,0.9995,0.410526,0.599962,0.00373289,0.596369,0.00358248,0.0037151,0.00312019,0.00369521,0.00359227,0.429367,1,0.6,0,0.596367,-0.00951057
3.05e-09,3,2.84488,2.84089,0.402971,0.409737,1.00003,0.413239,0.599998,0.00362509,0.594958,0.00346414,0.00361174,0.00301602,0.00358386,0.00355965,0.400297,1,0.6,0,0.594918,-0.00876308
3.1e-09,3,2.85229,2.8465,0.418027,0.412634,1.00033,0.417454,0.600013,0.00354266,0.593602,0.00338186,0.00353274,0.00293643,0.00349734,0.00352437,0.418849,1,0.6,0,0.593548,-0.00770517
3.15e-09,3,2.86239,2.85485,0.47917,0.416061,1.00047,0.422153,0.600019,0.00348903,0.592428,0.00333982,0.00348249,0.00288578,0.00344064,0.00348823,0.483554,1,0.6,0,0.592372,-0.00637426
3.2e-09,3,2.87316,2.86407,0.581606,0.419482,1.00051,0.426702,0.600019,0.00346785,0.59155,0.00334165,0.00346496,0.00286808,0.00341833,0.00345312,0.589271,1,0.6,0,0.591501,-0.00481755
3.25e-09,3,2.88312,2.87278,0.717232,0.422526,1.00047,0.430614,0.600016,0.00348218,0.591066,0.00338967,0.00348326,0.00288644,0.00343404,0.00342105,0.727605,1,0.6,0,0.591032,-0.00309018
3.3e-09,3,2.88677,2.87845,0.875356,0.43016,1.00043,0.437605,0.600061,0.00354393,0.591097,0.00349252,0.00354253,0.00294563,0.00349319,0.00339414,0.887571,1,0.6,0,0.591042,-0.00125334
3.35e-09,3,2.86044,2.85806,1.04396,0.480132,1.00094,0.48605,0.600478,0.00371752,0.592033,0.00371402,0.0036699,0.00307014,0.00362315,0.0033758,1.05646,1,0.6,0,0.59158,0.000627899
3.4e-09,3,2.81793,2.82166,1.20975,0.574866,1.00206,0.580197,0.600926,0.00393678,0.593563,0.00398947,0.00386974,0.00326596,0.00382862,0.00336958,1.22087,1,0.6,0,0.592664,0.00248689
3.45e-09,3,2.77681,2.78371,1.35916,0.700771,1.00329,0.705459,0.60124,0.00419533,0.59548,0.00430584,0.00413047,0.0035228,0.00409793,0.00337825,1.36774,1,0.6,0,0.594278,0.00425779
3.5e-09,3,2.75852,2.76546,1.47976,0.821358,1.00397,0.82493,0.601194,0.00444642,0.59751,0.00461609,0.0044189,0.00380957,0.0043978,0.00340267,1.48541,1,0.6,0,0.596367,0.00587785
3.55e-09,3,2.76211,2.76729,1.56173,0.915289,1.0038,0.917411,0.600932,0.00469985,0.599715,0.00492469,0.0047058,0.00409684,0.00469863,0.00344196,1.56453,1,0.6,0,0.598846,0.00728968
3.6e-09,3,2.78104,2.78349,1.5987,0.971705,1.00294,0.971996,0.600559,0.00493458,0.602084,0.00520506,0.00496654,0.0043595,0.00497509,0.0034939,1.59882,1,0.6,0,0.601598,0.00844327
3.65e-09,3,2.80928,2.80848,1.58792,0.98577,1.00164,0.983766,0.600136,0.0051283,0.604536,0.00543097,0.00518054,0.00457663,0.00520574,0.00355518,1.58555,1,0.6,0,0.60448,0.00929775
3.7e-09,3,2.84198,2.83777,1.53035,0.957083,1.00011,0.952213,0.599708,0.00526511,0.606958,0.00558332,0.00533192,0.00473202,0.0053737,0.00362179,1.52578,1,0.6,0,0.607336,0.00982287
3.75e-09,3,2.87522,2.86776,1.43064,0.888974,0.998544,0.880522,0.599313,0.00533488,0.609223,0.00564988,0.00541005,0.00481466,0.00546729,0.00368931,1.42426,1,0.6,0,0.61,0.01
3.8e-09,3,2.90581,2.89559,1.29673,0.787863,0.9971,0.774919,0.598981,0.0053327,0.611199,0.00562496,0.00540984,0.00481908,0.00548039,0.00375326,1.28905,1,0.6,0,0.61231,0.00982287
3.85e-09,3,2.93135,2.91913,1.13928,0.662373,0.995896,0.643812,0.598734,0.00525831,0.612757,0.00550907,0.00533152,0.00474515,0.00541227,0.00380941,1.13089,1,0.6,0,0.614115,0.00929777
3.9e-09,3,2.93499,2.93192,0.970974,0.535433,0.995236,0.515946,0.598715,0.00514334,0.613969,0.0053465,0.0051916,0.00460813,0.00527928,0.00385462,0.962326,1,0.6,0,0.615289,0.00844328
3.95e-09,3,2.89885,2.91081,0.805751,0.459308,0.995727,0.440102,0.599213,0.00505298,0.614938,0.00519044,0.00503044,0.00444561,0.00512094,0.00388807,0.796758,1,0.6,0,0.615733,0.00728969
4e-09,3,2.85828,2.87756,0.656445,0.425265,0.997049,0.408184,0.599635,0.00489173,0.615049,0.00495369,0.00485224,0.00426504,0.00494112,0.00390941,0.647329,1,0.6,0,0.615388,0.00587786
4.05e-09,3,2.83234,2.8538,0.534194,0.412416,0.998377,0.397379,0.59985,0.00468268,0.61413,0.00465679,0.00464942,0.00406023,0.00473181,0.00391794,0.525908,1,0.6,0,0.614238,0.0042578
4.1e-09,3,2.82186,2.84267,0.448445,0.409077,0.999346,0.395992,0.599947,0.00444875,0.612314,0.00433444,0.00441949,0.00382854,0.00449074,0.00391288,0.442135,1,0.6,0,0.61231,0.00248691
4.15e-09,3,2.82263,2.84117,0.406091,0.409863,0.999961,0.398917,0.599989,0.00419365,0.609738,0.00399576,0.00416512,0.00357246,0.00422114,0.00389361,0.402663,1,0.6,0,0.609676,0.000627927
4.2e-09,3,2.83049,2.8457,0.410642,0.412408,1.00032,0.40397,0.600007,0.00392208,0.606548,0.00365026,0.00389324,0.00329885,0.0039307,0.00385995,0.410627,1,0.6,0,0.606452,-0.0012532
4.25e-09,3,2.8423,2.85341,0.461853,0.415611,1.00051,0.410112,0.600014,0.003643,0.602904,0.00331126,0.00361426,0.00301814,0.00363082,0.0038123,0.465395,1,0.6,0,0.602788,-0.00309015
4.3e-09,3,2.85582,2.86229,0.555726,0.418878,1.00059,0.416709,0.600015,0.00336886,0.59899,0.00299468,0.00334132,0.00274356,0.00333577,0.00375181,0.562618,1,0.6,0,0.598864,-0.00481753
4.35e-09,3,2.8694,2.8709,0.684844,0.421814,1.00058,0.423262,0.600012,0.00311412,0.595007,0.00271713,0.00308924,0.00248998,0.00306153,0.00368038,0.694574,1,0.6,0,0.594879,-0.00637423
4.4e-09,3,2.88073,2.87799,0.838987,0.425268,1.00053,0.430105,0.600017,0.00289603,0.59117,0.0024962,0.00287387,0.00227328,0.0028251,0.00360074,0.850786,1,0.6,0,0.591042,-0.00770513
4.45e-09,3,2.86461,2.86362,1.00639,0.464487,1.00091,0.470956,0.600369,0.00279585,0.588012,0.00240859,0.00273367,0.00212935,0.00266573,0.00351745,1.01885,1,0.6,0,0.587556,-0.00876306
4.5e-09,3,2.82637,2.83212,1.174,0.549833,1.00193,0.558215,0.600829,0.00277786,0.58552,0.00242347,0.00269125,0.00208173,0.0026071,0.00343618,1.18541,1,0.6,0,0.584612,-0.00951056
4.55e-09,3,2.78259,2.79716,1.3282,0.671678,1.0032,0.682533,0.601197,0.0028379,0.583641,0.00253249,0.00275067,0.00213591,0.00265399,0.00336258,1.33725,1,0.6,0,0.582374,-0.00992115
4.6e-09,3,2.75875,2.77886,1.45614,0.795544,1.00403,0.80799,0.601224,0.00294168,0.582241,0.00270207,0.00289152,0.00227376,0.00278675,0.00330095,1.46231,1,0.6,0,0.580971,-0.00998027
4.65e-09,3,2.75782,2.78101,1.54736,0.896431,1.00403,0.910143,0.601,0.00310127,0.581515,0.00294411,0.00309213,0.00247381,0.0029844,0.00325413,1.55065,1,0.6,0,0.580491,-0.00968583
4.7e-09,3,2.77378,2.7982,1.59469,0.961639,1.0033,0.97637,0.600646,0.00330902,0.58162,0.00324341,0.00333387,0.00271705,0.00322853,0.00322373,1.59527,1,0.6,0,0.580971,-0.00904827
4.75e-09,3,2.80038,2.8245,1.59456,0.985173,1.00206,1.00064,0.600231,0.00354663,0.582611,0.00357674,0.00359994,0.00298632,0.00350226,0.0032103,1.59261,1,0.6,0,0.582399,-0.00809019
4.8e-09,3,2.83252,2.85504,1.5471,0.96572,1.00055,0.981559,0.599802,0.00379931,0.584472,0.00392436,0.00387552,0.00326647,0.00379045,0.00321348,1.5429,1,0.6,0,0.584711,-0.00684549
4.85e-09,3,2.8661,2.88589,1.45616,0.905836,0.998968,0.921586,0.599397,0.00405543,0.587132,0.00426965,0.00414814,0.00354465,0.00408001,0.00323222,1.45007,1,0.6,0,0.587796,-0.00535828
4.9e-09,3,2.89776,2.91393,1.329,0.81133,0.997469,0.826343,0.599049,0.00430561,0.590471,0.00459845,0.00440779,0.00381043,0.00436009,0.00326495,1.3215,1,0.6,0,0.591501,-0.00368125
4.95e-09,3,2.9249,2.93692,1.17573,0.690454,0.996186,0.703743,0.598784,0.00454195,0.594324,0.00489863,0.00464655,0.00405547,0.00462174,0.0033097,1.1674,1,0.6,0,0.595639,-0.00187382
5e-09,3,2.94374,2.94925,1.00858,0.558689,0.995277,0.567039,0.598672,0.00476831,0.598536,0.00516812,0.00486157,0.00427609,0.0048608,0.0033644,1,1,0.6,0,0.6,-6.61217e-09
5.05e-09,3,2.92408,2.9252,0.841417,0.470745,0.99542,0.472726,0.5991,0.00505425,0.60331,0.00548269,0.00507999,0.00449605,0.00510351,0.00342845,0.832606,1,0.6,0,0.604361,0.00187381
5.1e-09,3,2.88416,2.88742,0.687494,0.430105,0.996568,0.426545,0.599572,0.00530147,0.607932,0.00574207,0.00529866,0.00471455,0.00534579,0.00350125,0.678504,1,0.6,0,0.608499,0.00368124
5.15e-09,3,2.85133,2.85948,0.558309,0.414339,0.997911,0.406509,0.599824,0.0054913,0.61191,0.00592024,0.00549342,0.00490945,0.00556216,0.00358096,0.549934,1,0.6,0,0.612204,0.00535826
5.2e-09,3,2.83201,2.84549,0.463735,0.409903,0.998955,0.398667,0.59994,0.00563699,0.615132,0.00602953,0.00564203,0.00505836,0.0057291,0.00366459,0.457104,1,0.6,0,0.615289,0.00684546
5.25e-09,3,2.82413,2.8424,0.411307,0.410395,0.99964,0.396411,0.59999,0.00572411,0.617515,0.00605828,0.00572651,0.00514298,0.00582756,0.00374827,0.407388,1,0.6,0,0.617601,0.00809016
5.3e-09,3,2.82413,2.84621,0.405328,0.412983,1.00005,0.396901,0.600011,0.00573707,0.618988,0.00599451,0.00573357,0.00514983,0.00584347,0.00382759,0.404732,1,0.6,0,0.619028,0.00904815
5.35e-09,3,2.82904,2.85376,0.446396,0.41637,1.00029,0.39891,0.600018,0.00566623,0.619501,0.00583319,0.00565536,0.00507097,0.0057685,0.00389797,0.449347,1,0.6,0,0.619509,0.00968582
5.4e-09,3,2.83671,2.86281,0.531333,0.419869,1.0004,0.401838,0.600018,0.00550874,0.619049,0.00557711,0.0054902,0.00490469,0.0056008,0.00395495,0.537691,1,0.6,0,0.619029,0.00998027
5.45e-09,3,2.84559,2.87177,0.653438,0.423041,1.00044,0.405302,0.600014,0.00526864,0.61767,0.00523656,0.00524295,0.00465591,0.00534548,0.00399463,0.662749,1,0.6,0,0.617626,0.00992115
5.5e-09,3,2.8546,2.87936,0.803039,0.425558,1.00041,0.40908,0.600007,0.00495663,0.615451,0.00482858,0.00492499,0.00433604,0.00501446,0.00401395,0.814589,1,0.6,0,0.615388,0.00951057
5.55e-09,3,2.85031,2.86216,0.968642,0.453221,1.00071,0.442175,0.600254,0.00464171,0.612809,0.00443511,0.00457335,0.0039803,0.00464607,0.00401205,0.981153,1,0.6,0,0.612444,0.00876307
5.6e-09,3,2.82323,2.82376,1.13742,0.528429,1.00164,0.520874,0.600725,0.00433807,0.609787,0.00405546,0.00422667,0.00362694,0.00427927,0.00399025,1.14921,1,0.6,0,0.608958,0.00770514
5.65e-09,3,2.78689,2.78087,1.29578,0.644139,1.00293,0.638653,0.601131,0.00403107,0.606349,0.00369197,0.00390686,0.00329967,0.00393729,0.00395116,1.30542,1,0.6,0,0.605121,0.00637424
5.7e-09,3,2.76098,2.75517,1.43058,0.770104,1.00393,0.767257,0.601239,0.00371747,0.602481,0.00334231,0.00361713,0.00300392,0.0036246,0.00389754,1.43738,1,0.6,0,0.601136,0.00481754
5.75e-09,3,2.75641,2.7539,1.53074,0.877246,1.00416,0.87716,0.601057,0.00341699,0.598375,0.0030253,0.00335532,0.00273841,0.0033402,0.00383193,1.5346,1,0.6,0,0.597212,0.00309018
5.8e-09,3,2.76925,2.77112,1.58829,0.950796,1.0036,0.953585,0.600725,0.00315259,0.594375,0.00276764,0.00312495,0.00250639,0.0030889,0.0037569,1.58937,1,0.6,0,0.593548,0.00125334
5.85e-09,3,2.79363,2.79993,1.59885,0.983513,1.00247,0.989339,0.600318,0.00292895,0.590737,0.00257228,0.00293214,0.00231376,0.00287794,0.00367522,1.59734,1,0.6,0,0.590324,-0.000627883
5.9e-09,3,2.82446,2.83464,1.56172,0.973121,1.00103,0.982224,0.599888,0.00275288,0.587665,0.00244266,0.00278397,0.00216746,0.00271527,0.00358987,1.55787,1,0.6,0,0.58769,-0.00248688
5.95e-09,3,2.85757,2.87074,1.47995,0.921354,0.999461,0.934095,0.599474,0.00263262,0.585312,0.00238284,0.00268758,0.00207436,0.00260863,0.00350409,1.47409,1,0.6,0,0.585762,-0.00425778
6e-09,3,2.88953,2.90452,1.36007,0.833335,0.997949,0.850286,0.599112,0.00257564,0.583789,0.00239567,0.00264924,0.00204044,0.00256458,0.00342124,1.35267,1,0.6,0,0.584612,-0.00587785
6.05e-09,3,2.91761,2.93307,1.21163,0.716824,0.99663,0.738898,0.598826,0.00258716,0.583152,0.00248184,0.00267344,0.00206982,0.00258761,0.00334475,1.20324,1,0.6,0,0.584267,-0.00728968
6.1e-09,3,2.94046,2.95282,1.04643,0.582731,0.995618,0.60973,0.598648,0.0026716,0.583402,0.00263935,0.00276254,0.00216437,0.00267974,0.00327793,1.03767,1,0.6,0,0.584711,-0.00844328
6.15e-09,3,2.93998,2.93301,0.878063,0.482,0.995484,0.506933,0.598974,0.00290134,0.584817,0.00292658,0.00294073,0.00234494,0.00286405,0.00322512,0.869115,1,0.6,0,0.585885,-0.00929776
6.2e-09,3,2.90988,2.89325,0.720102,0.433682,0.996427,0.452734,0.599494,0.00320911,0.587092,0.00329596,0.00321288,0.00261731,0.00314545,0.00319072,0.710948,1,0.6,0,0.58769,-0.00982287
6.25e-09,3,2.88008,2.86164,0.584459,0.414395,0.997745,0.428428,0.59979,0.00353676,0.589694,0.00368558,0.00355166,0.00295698,0.00349648,0.00317749,0.575736,1,0.6,0,0.59,-0.01
6.3e-09,3,2.86113,2.84471,0.481408,0.408529,0.998834,0.418719,0.599927,0.00390051,0.5925,0.00409879,0.00392697,0.00333388,0.00388613,0.00318634,0.474217,1,0.6,0,0.592664,-0.00982287
6.35e-09,3,2.85275,2.83982,0.419087,0.408537,0.999563,0.415553,0.599988,0.00427895,0.595419,0.00451289,0.00431004,0.00371882,0.00428476,0.00321648,0.414451,1,0.6,0,0.59552,-0.00929777
6.4e-09,3,2.85178,2.8428,0.40257,0.411082,1,0.415231,0.600014,0.0046434,0.59833,0.00489855,0.00467412,0.00408474,0.0046647,0.00326563,0.401184,1,0.6,0,0.598402,-0.00844331
6.45e-09,3,2.85518,2.8502,0.433296,0.414659,1.00024,0.416103,0.600024,0.00496832,0.601095,0.0052297,0.00499548,0.00440772,0.00500139,0.00333027,0.435471,1,0.6,0,0.601154,-0.00728971
6.5e-09,3,2.86072,2.85958,0.508915,0.4185,1.00034,0.417395,0.600026,0.00523295,0.603583,0.00548573,0.00525446,0.004668,0.00527435,0.00340599,0.514589,1,0.6,0,0.603633,-0.00587786
6.55e-09,3,2.86681,2.8692,0.623472,0.422124,1.00036,0.418695,0.600023,0.00542192,0.60568,0.00565237,0.00543646,0.00485087,0.00546827,0.00348778,0.632255,1,0.6,0,0.605722,-0.0042578
6.6e-09,3,2.87234,2.87782,0.767897,0.425173,1.00032,0.419741,0.600017,0.00552572,0.6073,0.00572213,0.00553263,0.00494746,0.00557376,0.0035704,0.779125,1,0.6,0,0.607336,-0.00248691
6.65e-09,3,2.86802,2.87197,0.930959,0.44324,1.00046,0.437675,0.600163,0.00557253,0.608559,0.00572909,0.00555199,0.00496558,0.00559964,0.00364937,0.943534,1,0.6,0,0.60842,-0.000627912
6.7e-09,3,2.83856,2.83789,1.10018,0.50844,1.00123,0.503001,0.600628,0.00559771,0.609576,0.00570747,0.00552212,0.00493118,0.00557329,0.00372193,1.11243,1,0.6,0,0.608958,0.00125333
6.75e-09,3,2.79998,2.79286,1.26202,0.616466,1.00248,0.610258,0.601056,0.00555076,0.610016,0.00561025,0.00545236,0.00485551,0.005504,0.00378609,1.27239,1,0.6,0,0.608968,0.00309016
6.8e-09,3,2.76804,2.75783,1.40312,0.743827,1.00361,0.73761,0.601253,0.00543201,0.60976,0.00544395,0.00534044,0.0047381,0.00538983,0.00383998,1.41073,1,0.6,0,0.608499,0.00481753
6.85e-09,3,2.75837,2.74734,1.5118,0.857019,1.00404,0.851063,0.601118,0.00523519,0.608764,0.00520022,0.00517525,0.00456931,0.00521987,0.00388126,1.51644,1,0.6,0,0.607628,0.00637423
6.9e-09,3,2.76773,2.75719,1.57934,0.939021,1.00365,0.933484,0.600809,0.00498973,0.607288,0.00491533,0.00495625,0.0043483,0.00499413,0.0039077,1.58115,1,0.6,0,0.606452,0.00770512
6.95e-09,3,2.78994,2.78065,1.60054,0.981274,1.00265,0.976299,0.600413,0.00470104,0.605527,0.00459766,0.0046905,0.00408193,0.00472039,0.00391756,1.5997,1,0.6,0,0.605082,0.00876305
7e-09,3,2.81961,2.81198,1.57389,0.980522,1.00126,0.976241,0.599983,0.00438062,0.603651,0.00426011,0.00439089,0.00378292,0.00441226,0.00390994,1.57063,1,0.6,0,0.603633,0.00951055
7.05e-09,3,2.85233,2.84653,1.5016,0.937662,0.999721,0.934198,0.599561,0.00404624,0.601814,0.00392075,0.00407475,0.0034685,0.00408781,0.00388495,1.49625,1,0.6,0,0.602216,0.00992114
7.1e-09,3,2.88452,2.88052,1.38948,0.857115,0.998193,0.854582,0.599184,0.00371897,0.600151,0.00359981,0.00376233,0.00315868,0.00376791,0.00384384,1.38245,1,0.6,0,0.600932,0.00998027
7.15e-09,3,2.91331,2.91091,1.24644,0.746126,0.996825,0.744641,0.598878,0.00342058,0.598773,0.00331725,0.00347475,0.00287435,0.00347416,0.00378896,1.23829,1,0.6,0,0.599863,0.00968583
7.2e-09,3,2.93665,2.93554,1.08384,0.613757,0.995726,0.613446,0.598663,0.00317096,0.597759,0.00309056,0.00323183,0.00263508,0.00322673,0.00372365,1.0752,1,0.6,0,0.599068,0.00904827
7.25e-09,3,2.93426,2.93355,0.915004,0.500497,0.99538,0.501215,0.598847,0.00304628,0.597448,0.00299242,0.00307147,0.00247623,0.0030636,0.00365304,0.90614,1,0.6,0,0.59858,0.00809017
7.3e-09,3,2.90065,2.89943,0.753707,0.441789,0.996193,0.443059,0.599387,0.00304799,0.597799,0.00302156,0.00302581,0.00242924,0.0030169,0.00358377,0.744533,1,0.6,0,0.598402,0.00684548
7.35e-09,3,2.86805,2.86639,0.612211,0.417251,0.99755,0.418635,0.599733,0.00309671,0.598245,0.00309754,0.00308326,0.00248588,0.00307489,0.00352163,0.603213,1,0.6,0,0.598513,0.00535827
7.4e-09,3,2.84836,2.84659,0.501139,0.408937,0.99873,0.41017,0.5999,0.0032199,0.598755,0.00324533,0.00322314,0.00262596,0.00321669,0.00347093,0.493404,1,0.6,0,0.598864,0.00368126
7.45e-09,3,2.84084,2.8393,0.429209,0.407786,0.999537,0.408687,0.599974,0.00340916,0.599347,0.00345391,0.00342302,0.00282667,0.00341947,0.00343446,0.423825,1,0.6,0,0.599387,0.00187383
7.5e-09,3,2.84171,2.84068,0.402252,0.409757,1.00003,0.410201,0.600006,0.00364006,0.59999,0.00369697,0.00365928,0.00306408,0.00365915,0.0034135,0.400001,1,0.6,0,0.6,3.97429e-08
7.55e-09,3,2.84752,2.84716,0.422546,0.413053,1.0003,0.412975,0.60002,0.00388702,0.600616,0.00394773,0.00390807,0.00331414,0.00391138,0.00340787,0.423823,1,0.6,0,0.600613,-0.00187377
7.6e-09,3,2.85577,2.85613,0.488579,0.416793,1.00042,0.416195,0.600025,0.00412643,0.601145,0.00418203,0.00414676,0.00355405,0.00415304,0.00341615,0.493402,1,0.6,0,0.601136,-0.00368122
7.65e-09,3,2.86472,2.86574,0.595164,0.420452,1.00046,0.419409,0.600024,0.0043377,0.601499,0.00437946,0.00435539,0.00376374,0.00436367,0.00343582,0.603212,1,0.6,0,0.601487,-0.00535826
7.7e-09,3,2.87313,2.87465,0.733867,0.423647,1.00042,0.422314,0.600019,0.00450427,0.601611,0.00452439,0.00451791,0.00392707,0.00452686,0.00346363,0.744532,1,0.6,0,0.601598,-0.00684547
7.75e-09,3,2.87515,2.87633,0.893801,0.434253,1.00045,0.433081,0.600091,0.0046305,0.601516,0.00462327,0.00462895,0.00403802,0.00463698,0.00349614,0.906139,1,0.6,0,0.60142,-0.00809017
7.8e-09,3,2.84944,2.84972,1.06279,0.489332,1.00107,0.488534,0.600528,0.00476724,0.601473,0.00472838,0.00470969,0.00411531,0.00471507,0.00353119,1.0752,1,0.6,0,0.600932,-0.00904827
7.85e-09,3,2.81012,2.80984,1.22745,0.588521,1.00225,0.588114,0.600969,0.00484695,0.601125,0.00477434,0.00476336,0.00416397,0.00476433,0.00356701,1.23829,1,0.6,0,0.600137,-0.00968583
7.9e-09,3,2.77302,2.77312,1.37425,0.715454,1.00347,0.715642,0.601249,0.00487063,0.600344,0.00476543,0.00478444,0.00417987,0.0047794,0.0036017,1.38245,1,0.6,0,0.599068,-0.00998027
7.95e-09,3,2.75809,2.75925,1.49101,0.833771,1.00407,0.834755,0.601169,0.00480903,0.598986,0.00467535,0.00475403,0.00414617,0.00474171,0.00363252,1.49625,1,0.6,0,0.597784,-0.00992115
8e-09,3,2.76373,2.76636,1.56825,0.923742,1.00384,0.925729,0.600889,0.00469228,0.597295,0.00453773,0.00466452,0.00405499,0.00464414,0.00365643,1.57063,1,0.6,0,0.596367,-0.00951057
8.05e-09,3,2.78369,2.78797,1.6,0.975335,1.00294,0.978551,0.600507,0.00452273,0.595466,0.00435752,0.00451774,0.00390791,0.00448917,0.00367066,1.5997,1,0.6,0,0.594918,-0.00876308
8.1e-09,3,2.81224,2.81817,1.58392,0.98426,1.00162,0.988955,0.600081,0.00430773,0.593671,0.00414372,0.00432301,0.0037141,0.00428677,0.00367312,1.58115,1,0.6,0,0.593548,-0.00770515
8.15e-09,3,2.84474,2.85215,1.52139,0.950552,1.00009,0.957018,0.599654,0.00406278,0.592068,0.00391244,0.00409578,0.00348885,0.00405309,0.00366269,1.51645,1,0.6,0,0.592372,-0.00637425
8.2e-09,3,2.87744,2.88595,1.41744,0.877909,0.998541,0.886508,0.599264,0.0038085,0.590804,0.00368393,0.00385599,0.00325191,0.00380866,0.00363944,1.41073,1,0.6,0,0.591501,-0.00481755
8.25e-09,3,2.90729,2.91636,1.28036,0.773027,0.997125,0.78423,0.59894,0.00356782,0.590008,0.00347984,0.003626,0.0030254,0.00357637,0.00360468,1.27239,1,0.6,0,0.591032,-0.00309018
8.3e-09,3,2.93204,2.94096,1.12104,0.644681,0.995961,0.6591,0.598704,0.00336332,0.589778,0.00332076,0.00342822,0.00283151,0.00337898,0.00356092,1.11243,1,0.6,0,0.591042,-0.00125334
8.35e-09,3,2.94318,2.94433,0.952338,0.52153,0.995353,0.535442,0.598751,0.00325037,0.590317,0.00325246,0.00329443,0.00270037,0.0032481,0.00351221,0.943536,1,0.6,0,0.59158,0.000627899
8.4e-09,3,2.91789,2.91082,0.788195,0.451567,0.995885,0.463059,0.599275,0.00328164,0.591895,0.00333609,0.00326862,0.00267379,0.003228,0.00346475,0.779126,1,0.6,0,0.592664,0.00248689
8.45e-09,3,2.88405,2.87432,0.641293,0.421175,0.997165,0.429639,0.599674,0.00336263,0.59389,0.0034742,0.00334963,0.00275401,0.00331762,0.00342452,0.632256,1,0.6,0,0.594278,0.00425779
8.5e-09,3,2.8598,2.85077,0.522611,0.410221,0.998403,0.416013,0.599873,0.00351675,0.596173,0.00368574,0.00352126,0.00292592,0.00350063,0.0033963,0.514591,1,0.6,0,0.596367,0.00587784
8.55e-09,3,2.84744,2.84076,0.441362,0.407944,0.999291,0.411266,0.599963,0.0037469,0.598736,0.00396774,0.00376407,0.00316975,0.0037571,0.00338348,0.435472,1,0.6,0,0.598846,0.00728968
8.6e-09,3,2.84398,2.84047,0.404083,0.409459,0.999842,0.410291,0.600002,0.0040317,0.601521,0.0042958,0.00405594,0.00346308,0.00406432,0.00338798,0.401185,1,0.6,0,0.601598,0.00844325
8.65e-09,3,2.84601,2.84609,0.413872,0.412609,1.00015,0.410835,0.600019,0.00434533,0.604416,0.00464105,0.00437275,0.00378153,0.00439739,0.00341026,0.414449,1,0.6,0,0.60448,0.00929773
8.7e-09,3,2.85085,2.85474,0.470063,0.41637,1.0003,0.411891,0.600026,0.00466181,0.607277,0.00497462,0.00468946,0.0040999,0.00473041,0.00344929,0.474215,1,0.6,0,0.607336,0.00982287
8.75e-09,3,2.85667,2.86442,0.568259,0.420158,1.00035,0.412968,0.600026,0.00495609,0.609945,0.00526922,0.00498155,0.00439352,0.00503791,0.00350274,0.575735,1,0.6,0,0.61,0.01
8.8e-09,3,2.86222,2.87367,0.700697,0.423563,1.00033,0.4138,0.600022,0.00520527,0.612259,0.00550061,0.00522647,0.00463972,0.00529636,0.0035671,0.710947,1,0.6,0,0.61231,0.00982287
8.85e-09,3,2.86623,2.87758,0.856927,0.428912,1.00031,0.418261,0.60004,0.00539536,0.614109,0.00565696,0.00540738,0.00482135,0.00548812,0.00363809,0.869113,1,0.6,0,0.614115,0.00929777
8.9e-09,3,2.84739,2.85111,1.02506,0.473374,1.0008,0.463667,0.600424,0.00558003,0.615697,0.00579397,0.00553709,0.00494848,0.00562537,0.00371226,1.03767,1,0.6,0,0.615289,0.00844328
8.95e-09,3,2.81372,2.80715,1.19188,0.563491,1.00191,0.55348,0.600878,0.0056921,0.616598,0.00583884,0.00561432,0.00502104,0.0057059,0.00378635,1.20324,1,0.6,0,0.615733,0.00728969
9e-09,3,2.7778,2.76243,1.34379,0.687728,1.00319,0.676875,0.601221,0.00572032,0.616606,0.0057894,0.00562954,0.00503082,0.00571986,0.00385679,1.35267,1,0.6,0,0.615388,0.00587786
9.05e-09,3,2.75944,2.74055,1.46816,0.810033,1.00398,0.799315,0.601207,0.00562498,0.615468,0.00560632,0.00555796,0.00495522,0.00564211,0.00391896,1.47409,1,0.6,0,0.614238,0.0042578
9.1e-09,3,2.76165,2.74251,1.55484,0.907372,1.00394,0.897252,0.600961,0.0054275,0.613314,0.00531537,0.0053845,0.00477917,0.00545753,0.00396765,1.55787,1,0.6,0,0.61231,0.00248691
9.15e-09,3,2.77911,2.76175,1.59706,0.967987,1.00319,0.958903,0.600596,0.00513127,0.610333,0.0049301,0.00510718,0.0045004,0.00516469,0.00399781,1.59734,1,0.6,0,0.609676,0.000627917
9.2e-09,3,2.80611,2.79185,1.59164,0.986457,1.00196,0.978923,0.600174,0.00474323,0.606705,0.00446404,0.00473557,0.00412834,0.00477403,0.0040052,1.58937,1,0.6,0,0.606452,-0.00125329
9.25e-09,3,2.83789,2.82759,1.53914,0.961906,1.00048,0.956553,0.599744,0.00428254,0.602625,0.00394173,0.00428959,0.00368278,0.00430658,0.00398695,1.5346,1,0.6,0,0.602788,-0.00309015
9.3e-09,3,2.87059,2.86468,1.44381,0.897248,0.998942,0.894886,0.599341,0.00377793,0.598313,0.00339581,0.00379771,0.00319208,0.0037921,0.00394195,1.43738,1,0.6,0,0.598864,-0.00481753
9.35e-09,3,2.90103,2.8995,1.31324,0.798556,0.997505,0.800291,0.599,0.00326417,0.593999,0.00286308,0.00329435,0.00269054,0.00326637,0.00387112,1.30543,1,0.6,0,0.594879,-0.00637423
9.4e-09,3,2.9268,2.92915,1.15784,0.674207,0.996296,0.681653,0.598742,0.00277843,0.589917,0.00238094,0.00281658,0.00221506,0.00276768,0.00377738,1.14921,1,0.6,0,0.591042,-0.00770513
9.45e-09,3,2.94323,2.94391,0.990038,0.543807,0.995522,0.556352,0.598678,0.00237527,0.586355,0.00199782,0.00240646,0.0018068,0.00233896,0.00366584,0.981154,1,0.6,0,0.587556,-0.00876306
9.5e-09,3,2.92643,2.91713,0.823757,0.461582,0.995831,0.477435,0.599151,0.00215198,0.583856,0.0018076,0.00212592,0.0015247,0.00204275,0.00354464,0.81459,1,0.6,0,0.584612,-0.00951056
9.55e-09,3,2.8962,2.87942,0.672032,0.424501,0.997031,0.441319,0.599604,0.00202817,0.582034,0.00173309,0.0019941,0.00139084,0.00189893,0.00342273,0.662751,1,0.6,0,0.582374,-0.00992115
9.6e-09,3,2.87407,2.85266,0.546201,0.410428,0.998316,0.427747,0.599839,0.00201827,0.580846,0.00179156,0.00200635,0.00140237,0.00190374,0.00330837,0.537693,1,0.6,0,0.580971,-0.00998027
9.65e-09,3,2.86382,2.83988,0.455944,0.406742,0.999272,0.424394,0.599947,0.00214411,0.580453,0.00199652,0.00215199,0.00154848,0.00204683,0.00320876,0.449348,1,0.6,0,0.580491,-0.00968583
9.7e-09,3,2.86273,2.83775,0.408479,0.407617,0.999873,0.425274,0.599995,0.00239297,0.580959,0.00233153,0.00241517,0.001813,0.00231249,0.00312975,0.404732,1,0.6,0,0.580971,-0.00904828
9.75e-09,3,2.86713,2.84233,0.407713,0.410499,1.00021,0.427631,0.600017,0.00274267,0.582384,0.00277099,0.00277518,0.00217496,0.00267992,0.00307572,0.407387,1,0.6,0,0.582399,-0.00809029
9.8e-09,3,2.87409,2.85057,0.45382,0.414208,1.00037,0.430138,0.600026,0.003168,0.584681,0.00328611,0.00320771,0.00260988,0.00312452,0.00304935,0.457103,1,0.6,0,0.584711,-0.00684549
9.85e-09,3,2.8815,2.8603,0.543214,0.418105,1.00041,0.432083,0.600029,0.00364195,0.587745,0.00384594,0.00368607,0.00309088,0.00361913,0.0030517,0.549933,1,0.6,0,0.587796,-0.00535828
9.9e-09,3,2.88788,2.86996,0.668833,0.421759,1.00037,0.433034,0.600027,0.00413689,0.591428,0.00441891,0.00418279,0.00359035,0.00413561,0.00308219,0.678503,1,0.6,0,0.591501,-0.00368126
9.95e-09,3,2.89201,2.87852,0.820724,0.424974,1.00027,0.432735,0.600022,0.00462602,0.595545,0.00497404,0.00467103,0.0040813,0.00464622,0.00313874,0.832605,1,0.6,0,0.595639,-0.00187382
1e-08,3,2.87235,2.86656,0.987257,0.458936,1.00056,0.461887,0.600324,0.0051448,0.600189,0.00554225,0.00514739,0.00455781,0.00514648,0.00321907,0.999999,1,0.6,0,0.6,-6.61217e-09
