time,V(103),V(101),V(102),V(107),V(104),V(115),V(116),V(117),V(118),I(VDD),I(Vin),I(L1),I(L2)
0.000000000e+00,0.000000000e+00,0.000000000e+00,0.000000000e+00,0.000000000e+00,0.000000000e+00,0.000000000e+00,0.000000000e+00,0.000000000e+00,0.000000000e+00,0.000000000e+00,0.000000000e+00,0.000000000e+00,0.000000000e+00
1.000000000e-09,2.999999467e+00,1.625580750e+00,1.625110218e+00,6.145166691e-01,2.536447390e-01,2.446534264e-01,2.446532467e-01,2.363639665e-01,2.363638482e-01,-7.374315287e-04,-4.867885227e-05,3.594078526e-04,2.366002121e-04
2.000000000e-09,3.000000000e+00,1.750666224e+00,1.750519684e+00,5.427503899e-01,4.959596402e-01,4.868348785e-01,4.868348760e-01,4.783324748e-01,4.783324719e-01,-4.416027398e-04,-1.640467192e-05,3.645036343e-04,2.424474149e-04
3.000000000e-09,3.000000000e+00,1.874762388e+00,1.874601080e+00,4.345087019e-01,7.665986239e-01,7.564371665e-01,7.564371459e-01,7.469821040e-01,7.469820906e-01,-4.839999663e-04,-1.800556771e-05,4.057018596e-04,2.693970704e-04
4.000000000e-09,3.000000000e+00,1.997379643e+00,1.997218344e+00,3.264242260e-01,1.065913820e+00,1.054651333e+00,1.054651312e+00,1.044176409e+00,1.044176394e+00,-5.291044058e-04,-1.812737330e-05,4.494448212e-04,2.982387668e-04
5.000000000e-09,3.000000000e+00,2.118033860e+00,2.117880488e+00,2.372658117e-01,1.375755248e+00,1.364028554e+00,1.364028545e+00,1.353120763e+00,1.353120757e+00,-5.458221118e-04,-1.745523756e-05,4.677037256e-04,3.102978004e-04
6.000000000e-09,3.000000000e+00,2.236248979e+00,2.236105812e+00,1.717009703e-01,1.668542267e+00,1.657364250e+00,1.657364261e+00,1.646964433e+00,1.646964441e+00,-5.177860051e-04,-1.655298847e-05,4.454633300e-04,2.954909781e-04
7.000000000e-09,3.000000000e+00,2.351558359e+00,2.351424560e+00,1.266272565e-01,1.928251485e+00,1.918249486e+00,1.918249510e+00,1.908946491e+00,1.908946507e+00,-4.625423931e-04,-1.573145480e-05,3.981616887e-04,2.638915836e-04
8.000000000e-09,3.000000000e+00,2.463507131e+00,2.463380346e+00,9.516161588e-02,2.148712348e+00,2.140144150e+00,2.140144178e+00,2.132181676e+00,2.132181696e+00,-3.960269724e-04,-1.514199736e-05,3.405877916e-04,2.253678784e-04
9.000000000e-09,3.000000000e+00,2.571653380e+00,2.571532162e+00,7.271011493e-02,2.330087449e+00,2.322965800e+00,2.322965829e+00,2.316357515e+00,2.316357534e+00,-3.292827163e-04,-1.469341072e-05,2.825429936e-04,1.864926295e-04
1.000000000e-08,3.000000000e+00,2.675570303e+00,2.675453870e+00,5.635900802e-02,2.475952537e+00,2.470155157e+00,2.470155184e+00,2.464787584e+00,2.464787602e+00,-2.683641452e-04,-1.431882361e-05,2.294250102e-04,1.508952127e-04
1.100000000e-08,3.000000000e+00,2.774847629e+00,2.774735613e+00,4.425207105e-02,2.591316011e+00,2.586661754e+00,2.586661777e+00,2.582365757e+00,2.582365772e+00,-2.158824761e-04,-1.397643180e-05,1.835836432e-04,1.201610597e-04
1.200000000e-08,3.000000000e+00,2.869093879e+00,2.868986155e+00,3.516881252e-02,2.681433779e+00,2.677728886e+00,2.677728905e+00,2.674323178e+00,2.674323191e+00,-1.723631203e-04,-1.364148348e-05,1.455179790e-04,9.463215710e-05
1.300000000e-08,3.000000000e+00,2.957936941e+00,2.957833527e+00,2.827402627e-02,2.751184513e+00,2.748247364e+00,2.748247379e+00,2.745561826e+00,2.745561836e+00,-1.372191367e-04,-1.329937953e-05,1.147377382e-04,7.398453138e-05
1.400000000e-08,3.000000000e+00,3.041025952e+00,3.040926949e+00,2.297665549e-02,2.804800353e+00,2.802472463e+00,2.802472475e+00,2.800358549e+00,2.800358557e+00,-1.093719625e-04,-1.294136887e-05,9.031314147e-05,5.759753629e-05
1.500000000e-08,3.000000000e+00,3.118033495e+00,3.117939054e+00,1.884940468e-02,2.845801492e+00,2.843950550e+00,2.843950559e+00,2.842284190e+00,2.842284196e+00,-8.761118850e-05,-1.256207501e-05,7.119372597e-05,4.476827509e-05
1.600000000e-08,3.000000000e+00,3.188655398e+00,3.188565703e+00,1.558022887e-02,2.877034506e+00,2.875553233e+00,2.875553240e+00,2.874233798e+00,2.874233803e+00,-7.078288863e-05,-1.215816061e-05,5.637537057e-05,3.482410995e-05
1.700000000e-08,3.000000000e+00,3.252612950e+00,3.252528198e+00,1.294061285e-02,2.900757224e+00,2.899560372e+00,2.899560377e+00,2.898507882e+00,2.898507886e+00,-5.787301231e-05,-1.172776251e-05,4.497453341e-05,2.717279523e-05
1.800000000e-08,3.000000000e+00,3.309653440e+00,3.309573836e+00,1.076322199e-02,2.918735934e+00,2.917756720e+00,2.917756725e+00,2.916908509e+00,2.916908512e+00,-4.803238439e-05,-1.127003483e-05,3.625079702e-05,2.131781816e-05
1.900000000e-08,3.000000000e+00,3.359552390e+00,3.359478136e+00,8.925583946e-03,2.932339030e+00,2.931525676e+00,2.931525679e+00,2.930833151e+00,2.930833153e+00,-4.057138389e-05,-1.078493431e-05,2.960263144e-05,1.685568907e-05
2.000000000e-08,3.000000000e+00,3.402112536e+00,3.402043828e+00,7.337973805e-03,2.942618691e+00,2.941931350e+00,2.941931353e+00,2.941357113e+00,2.941357115e+00,-3.494172945e-05,-1.027296354e-05,2.455168673e-05,1.346548129e-05
2.100000000e-08,3.000000000e+00,3.437165579e+00,3.437102599e+00,5.934570333e-03,2.950379655e+00,2.949787832e+00,2.949787834e+00,2.949303260e+00,2.949303261e+00,-3.071375533e-05,-9.735179571e-06,2.072311499e-05,1.089567278e-05
2.200000000e-08,3.000000000e+00,3.464573920e+00,3.464516836e+00,4.666793656e-03,2.956235188e+00,2.955715642e+00,2.955715644e+00,2.955298919e+00,2.955298920e+00,-2.755410146e-05,-9.173001478e-06,1.782612831e-05,8.951125768e-06
2.300000000e-08,3.000000000e+00,3.484228645e+00,3.484177606e+00,3.498486176e-03,2.960650948e+00,2.960186018e+00,2.960186019e+00,2.959820566e+00,2.959820567e+00,-2.520622604e-05,-8.588086699e-06,1.563700744e-05,7.481698782e-06
2.400000000e-08,3.000000000e+00,3.496053001e+00,3.496008137e+00,2.402475131e-03,2.963980025e+00,2.963556325e+00,2.963556326e+00,2.963229578e+00,2.963229579e+00,-2.347355028e-05,-7.982406539e-06,1.398444188e-05,6.372416298e-06
2.500000000e-08,3.000000000e+00,3.499999497e+00,3.499960916e+00,1.358062370e-03,2.966489246e+00,2.966096644e+00,2.966096644e+00,2.965799090e+00,2.965799090e+00,-2.220631008e-05,-7.358085464e-06,1.273801477e-05,5.535745169e-06
2.600000000e-08,3.000000000e+00,3.496053960e+00,3.496021747e+00,3.489879446e-04,2.968380735e+00,2.968011575e+00,2.968011576e+00,2.967736030e+00,2.967736030e+00,-2.129029484e-05,-6.717350813e-06,1.179837884e-05,4.905003432e-06
2.700000000e-08,3.000000000e+00,3.484230232e+00,3.484204015e+00,-1.723816035e-03,2.969791038e+00,2.969440105e+00,2.969440105e+00,2.969181661e+00,2.969181661e+00,-2.067816126e-05,-6.105908582e-06,1.106790159e-05,4.414948041e-06
2.800000000e-08,3.000000000e+00,3.464575259e+00,3.464554856e+00,-5.417756741e-03,2.970835051e+00,2.970498014e+00,2.970498014e+00,2.970252612e+00,2.970252612e+00,-2.029665360e-05,-5.504921767e-06,1.051099214e-05,4.041259287e-06
2.900000000e-08,3.000000000e+00,3.437166904e+00,3.437152345e+00,-1.068997714e-02,2.971609213e+00,2.971282439e+00,2.971282439e+00,2.971046673e+00,2.971046673e+00,-2.007729242e-05,-4.892977020e-06,1.009968380e-05,3.765130993e-06
3.000000000e-08,3.000000000e+00,3.402113776e+00,3.402105071e+00,-1.749672009e-02,2.972185361e+00,2.971866121e+00,2.971866121e+00,2.971637429e+00,2.971637429e+00,-1.997793853e-05,-4.272664547e-06,9.797762504e-06,3.562410021e-06
3.100000000e-08,3.000000000e+00,3.359553468e+00,3.359550598e+00,-2.579223796e-02,2.972617443e+00,2.972303686e+00,2.972303686e+00,2.972080145e+00,2.972080146e+00,-1.996678764e-05,-3.646537479e-06,9.577973540e-06,3.414803450e-06
3.200000000e-08,3.000000000e+00,3.309654687e+00,3.309657611e+00,-3.552749769e-02,2.972945952e+00,2.972636139e+00,2.972636140e+00,2.972416305e+00,2.972416305e+00,-2.001970844e-05,-3.017247859e-06,9.419862248e-06,3.308580661e-06
3.300000000e-08,3.000000000e+00,3.252614025e+00,3.252622679e+00,-4.665017339e-02,2.973201262e+00,2.972894239e+00,2.972894239e+00,2.972677026e+00,2.972677026e+00,-2.011836770e-05,-2.387307111e-06,9.308025493e-06,3.233402539e-06
3.400000000e-08,3.000000000e+00,3.188656597e+00,3.188670891e+00,-5.910404301e-02,2.973406114e+00,2.973101015e+00,2.973101015e+00,2.972885613e+00,2.972885613e+00,-2.024871588e-05,-1.759291211e-06,9.230851574e-06,3.181475226e-06
3.500000000e-08,3.000000000e+00,3.118034813e+00,3.118054636e+00,-7.282888048e-02,2.973577477e+00,2.973273656e+00,2.973273656e+00,2.973059458e+00,2.973059458e+00,-2.039995181e-05,-1.135728669e-06,9.179561316e-06,3.146906564e-06
3.600000000e-08,3.000000000e+00,3.041026980e+00,3.041052199e+00,-8.776047395e-02,2.973727947e+00,2.973424923e+00,2.973424923e+00,2.973211478e+00,2.973211478e+00,-2.056371845e-05,-5.191152424e-07,9.147503379e-06,3.125232897e-06
3.700000000e-08,3.000000000e+00,2.957937788e+00,2.957968248e+00,-1.038303451e-01,2.973866797e+00,2.973564218e+00,2.973564218e+00,2.973351193e+00,2.973351193e+00,-2.073349549e-05,8.805088447e-08,9.129630173e-06,3.113067209e-06
3.800000000e-08,3.000000000e+00,2.869094782e+00,2.869130307e+00,-1.209663092e-01,2.974000777e+00,2.973698382e+00,2.973698382e+00,2.973485536e+00,2.973485536e+00,-2.090420434e-05,6.834101407e-07,9.122096008e-06,3.107829445e-06
3.900000000e-08,3.000000000e+00,2.774848584e+00,2.774888978e+00,-1.390923305e-01,2.974134710e+00,2.973832315e+00,2.973832315e+00,2.973619473e+00,2.973619473e+00,-2.107181473e-05,1.264569070e-06,9.121976400e-06,3.107557838e-06
4.000000000e-08,3.000000000e+00,2.675571142e+00,2.675616189e+00,-1.581287998e-01,2.974271954e+00,2.973969429e+00,2.973969429e+00,2.973756471e+00,2.973756471e+00,-2.123313705e-05,1.829220726e-06,9.127038682e-06,3.110755111e-06
4.100000000e-08,3.000000000e+00,2.571654257e+00,2.571703724e+00,-1.779927751e-01,2.974414749e+00,2.974112007e+00,2.974112007e+00,2.973898851e+00,2.973898851e+00,-2.138562882e-05,2.375126275e-06,9.135579152e-06,3.116279039e-06
4.200000000e-08,3.000000000e+00,2.463508042e+00,2.463561678e+00,-1.985982525e-01,2.974564480e+00,2.974261466e+00,2.974261466e+00,2.974048060e+00,2.974048060e+00,-2.152725626e-05,2.900123109e-06,9.146298691e-06,3.123258956e-06
4.300000000e-08,3.000000000e+00,2.351559301e+00,2.351616838e+00,-2.198564633e-01,2.974721886e+00,2.974418571e+00,2.974418571e+00,2.974204887e+00,2.974204887e+00,-2.165639015e-05,3.402132850e-06,9.158208878e-06,3.131032718e-06
4.400000000e-08,3.000000000e+00,2.236249845e+00,2.236311027e+00,-2.416063375e-01,2.974888246e+00,2.974584580e+00,2.974584580e+00,2.974370575e+00,2.974370575e+00,-2.178322166e-05,3.881961045e-06,9.172020068e-06,3.140059553e-06
4.500000000e-08,3.000000000e+00,2.118034747e+00,2.118101815e+00,-2.574048508e-01,2.975156474e+00,2.974849162e+00,2.974849162e+00,2.974631795e+00,2.974631795e+00,-2.293929280e-05,4.588713515e-06,9.317624952e-06,3.235852613e-06
4.600000000e-08,3.000000000e+00,1.997380548e+00,1.997457525e+00,-2.563180837e-01,2.975638552e+00,2.975323426e+00,2.975323426e+00,2.975098823e+00,2.975098823e+00,-2.580193820e-05,5.700232439e-06,9.629683903e-06,3.442128681e-06
4.700000000e-08,3.000000000e+00,1.874763416e+00,1.874854470e+00,-2.270179483e-01,2.976393541e+00,2.976068251e+00,2.976068251e+00,2.975834204e+00,2.975834204e+00,-3.035512640e-05,7.230694064e-06,1.003553424e-05,3.711217946e-06
4.800000000e-08,3.000000000e+00,1.750666905e+00,1.750776237e+00,-1.580752900e-01,2.977448412e+00,2.977111841e+00,2.977111840e+00,2.976867301e+00,2.976867301e+00,-3.656881080e-05,9.182560584e-06,1.048574206e-05,4.009966907e-06
4.900000000e-08,3.000000000e+00,1.625581480e+00,1.625713176e+00,-3.832113147e-02,2.978813812e+00,2.978465490e+00,2.978465490e+00,2.978210020e+00,2.978210020e+00,-4.438859135e-05,1.154396136e-05,1.095443421e-05,4.320932201e-06
5.000000000e-08,3.000000000e+00,1.500000443e+00,1.500142138e+00,1.022750537e-01,2.979852382e+00,2.979514846e+00,2.979514846e+00,2.979269225e+00,2.979269225e+00,-5.516964184e-05,1.266944010e-05,1.052194415e-05,4.038479472e-06
5.100000000e-08,3.000000000e+00,1.374419404e+00,1.374577861e+00,2.816506924e-01,2.980946501e+00,2.980607508e+00,2.980607508e+00,2.980360682e+00,2.980360682e+00,-6.749250238e-05,1.447122574e-05,1.057912185e-05,4.071820911e-06
5.200000000e-08,3.000000000e+00,1.249333776e+00,1.249531516e+00,5.571457439e-01,2.983013009e+00,2.982639363e+00,2.982639362e+00,2.982360600e+00,2.982360599e+00,-7.956005182e-05,1.852467777e-05,1.196320849e-05,4.982280380e-06
5.300000000e-08,3.000000000e+00,1.125237612e+00,1.125481466e+00,9.468163040e-01,2.985116728e+00,2.984739597e+00,2.984739597e+00,2.984457300e+00,2.984457300e+00,-9.228759242e-05,2.326014815e-05,1.210047856e-05,5.081162240e-06
5.400000000e-08,3.000000000e+00,1.002620464e+00,1.002905219e+00,1.438624679e+00,2.959573550e+00,2.960176055e+00,2.960176074e+00,2.960796931e+00,2.960796944e+00,-1.116417815e-04,2.747295850e-05,-2.706034208e-05,-2.069955569e-05
5.500000000e-08,3.000000000e+00,8.819662454e-01,8.822683522e-01,1.974673093e+00,2.852134421e+00,2.855698109e+00,2.855698169e+00,2.859058867e+00,2.859058906e+00,-1.209064823e-04,2.932870857e-05,-1.454032438e-04,-9.887902417e-05
5.600000000e-08,3.000000000e+00,7.637511241e-01,7.640004709e-01,2.380603021e+00,2.645123123e+00,2.652395206e+00,2.652395280e+00,2.659204061e+00,2.659204110e+00,-9.382472518e-05,2.417093638e-05,-2.935357362e-04,-1.971957900e-04
5.700000000e-08,3.000000000e+00,6.484415400e-01,6.486276090e-01,2.631244903e+00,2.368980232e+00,2.378933992e+00,2.378934045e+00,2.388250259e+00,2.388250294e+00,-6.871496541e-05,1.795846252e-05,-4.005293200e-04,-2.685657784e-04
5.800000000e-08,3.000000000e+00,5.364927713e-01,5.366326988e-01,2.770489180e+00,2.053609801e+00,2.065133527e+00,2.065133558e+00,2.075919819e+00,2.075919840e+00,-5.016903813e-05,1.345625895e-05,-4.630141599e-04,-3.102548236e-04
5.900000000e-08,3.000000000e+00,4.283465255e-01,4.284584635e-01,2.844696942e+00,1.726651981e+00,1.738706119e+00,1.738706130e+00,1.749991146e+00,1.749991153e+00,-3.877090844e-05,1.076545983e-05,-4.839042140e-04,-3.241790297e-04
6.000000000e-08,3.000000000e+00,3.244296063e-01,3.245259478e-01,2.885798499e+00,1.418486449e+00,1.429935803e+00,1.429935791e+00,1.440661495e+00,1.440661487e+00,-3.184668615e-05,9.309720393e-06,-4.594040984e-04,-3.078893522e-04
6.100000000e-08,3.000000000e+00,2.251522132e-01,2.252393648e-01,2.910734802e+00,1.144542352e+00,1.154773426e+00,1.154773401e+00,1.164362386e+00,1.164362370e+00,-2.731427848e-05,8.490006493e-06,-4.103977140e-04,-2.751353553e-04
6.200000000e-08,3.000000000e+00,1.309059711e-01,1.309868339e-01,2.927661109e+00,9.105688505e-01,9.193394475e-01,9.193394181e-01,9.275625035e-01,9.275624839e-01,-2.398852988e-05,7.955379305e-06,-3.517432163e-04,-2.358728596e-04
6.300000000e-08,3.000000000e+00,4.206291758e-02,4.213861478e-02,2.940260740e+00,7.164574353e-01,7.237537100e-01,7.237536805e-01,7.305963695e-01,7.305963497e-01,-2.130357915e-05,7.527657190e-06,-2.925747447e-04,-1.962359975e-04
6.400000000e-08,3.000000000e+00,-4.102632429e-02,-4.095547971e-02,2.950159746e+00,5.588758526e-01,5.648113217e-01,5.648112944e-01,5.703789895e-01,5.703789712e-01,-1.902091959e-05,7.125484372e-06,-2.379835743e-04,-1.596473818e-04
6.500000000e-08,3.000000000e+00,-1.180337170e-01,-1.179677433e-01,2.958119693e+00,4.330345100e-01,4.377819714e-01,4.377819476e-01,4.422360149e-01,4.422359989e-01,-1.704534585e-05,6.715405293e-06,-1.903362376e-04,-1.277013017e-04
6.600000000e-08,3.000000000e+00,-1.886556018e-01,-1.885946358e-01,2.964565567e+00,3.337880406e-01,3.375367381e-01,3.375367181e-01,3.410542227e-01,3.410542093e-01,-1.533233426e-05,6.285259442e-06,-1.502854355e-04,-1.008411876e-04
6.700000000e-08,3.000000000e+00,-2.526131344e-01,-2.525573473e-01,2.969793428e+00,2.562575717e-01,2.591887483e-01,2.591887319e-01,2.619394264e-01,2.619394155e-01,-1.384982292e-05,5.831322695e-06,-1.175062533e-04,-7.885321147e-05
6.800000000e-08,3.000000000e+00,-3.096537390e-01,-3.096033068e-01,2.974041089e+00,1.961294858e-01,1.984043646e-01,1.984043515e-01,2.005393346e-01,2.005393258e-01,-1.256655174e-05,5.352874438e-06,-9.119355580e-05,-6.120005792e-05
6.900000000e-08,3.000000000e+00,-3.595526516e-01,-3.595077459e-01,2.977508158e+00,1.497547392e-01,1.515102338e-01,1.515102234e-01,1.531578674e-01,1.531578604e-01,-1.145087906e-05,4.850128650e-06,-7.037129244e-05,-4.722870148e-05
7.000000000e-08,3.000000000e+00,-4.021125361e-01,-4.020733213e-01,2.980361030e+00,1.141382727e-01,1.154870899e-01,1.154870817e-01,1.167530953e-01,1.167530899e-01,-1.047253494e-05,4.323594942e-06,-5.406817429e-05,-3.628857014e-05
7.100000000e-08,3.000000000e+00,-4.371659133e-01,-4.371325445e-01,2.982735444e+00,8.687213385e-02,8.790504898e-02,8.790504265e-02,8.887458414e-02,8.887457989e-02,-9.604381451e-06,3.774053957e-06,-4.140451012e-05,-2.779006008e-05
7.200000000e-08,3.000000000e+00,-4.645741817e-01,-4.645468028e-01,2.984739781e+00,6.604996003e-02,6.683895314e-02,6.683894826e-02,6.757955505e-02,6.757955177e-02,-8.823305130e-06,3.202468954e-06,-3.162656335e-05,-2.122777378e-05
7.300000000e-08,3.000000000e+00,-4.842289858e-01,-4.842077268e-01,2.986459029e+00,5.017897826e-02,5.078048099e-02,5.078047723e-02,5.134510462e-02,5.134510210e-02,-8.110478470e-06,2.610128742e-06,-2.411088956e-05,-1.618355623e-05
7.400000000e-08,3.000000000e+00,-4.960532061e-01,-4.960381809e-01,2.987959103e+00,3.809928185e-02,3.855716217e-02,3.855715929e-02,3.898697671e-02,3.898697477e-02,-7.451032576e-06,1.998565500e-06,-1.835376982e-05,-1.231948468e-05
7.500000000e-08,3.000000000e+00,-4.999998478e-01,-4.999911525e-01,2.989290734e+00,2.891566604e-02,2.926381655e-02,2.926381435e-02,2.959063174e-02,2.959063026e-02,-6.833563744e-06,1.369532794e-06,-1.395528417e-05,-9.367230454e-06
7.600000000e-08,3.000000000e+00,-4.960537336e-01,-4.960514437e-01,2.990492850e+00,2.193993279e-02,2.220441551e-02,2.220441383e-02,2.245269305e-02,2.245269192e-02,-6.249579644e-06,7.250390067e-07,-1.060151346e-05,-7.116144496e-06
7.700000000e-08,3.000000000e+00,-4.842298586e-01,-4.842340292e-01,2.991595487e+00,1.664448340e-02,1.684526291e-02,1.684526163e-02,1.703374217e-02,1.703374132e-02,-5.692853197e-06,6.716590182e-08,-8.048025373e-06,-5.402192147e-06
7.800000000e-08,3.000000000e+00,-4.645752594e-01,-4.645859219e-01,2.992621641e+00,1.262689303e-02,1.277922890e-02,1.277922793e-02,1.292223349e-02,1.292223283e-02,-5.159135146e-06,-6.016759714e-07,-6.106213953e-06,-4.098795229e-06
7.900000000e-08,3.000000000e+00,-4.371669036e-01,-4.371840665e-01,2.993589338e+00,9.580044130e-03,9.695573270e-03,9.695572533e-03,9.804026541e-03,9.804026046e-03,-4.645519658e-06,-1.279122075e-06,-4.630861190e-06,-3.108489969e-06
8.000000000e-08,3.000000000e+00,-4.021137761e-01,-4.021374231e-01,2.994512684e+00,7.270234158e-03,7.357818359e-03,7.357817799e-03,7.440038876e-03,7.440038500e-03,-4.150280207e-06,-1.962592095e-06,-3.510725857e-06,-2.356613645e-06
8.100000000e-08,3.000000000e+00,-3.595534683e-01,-3.595835597e-01,2.995403093e+00,5.519660813e-03,5.586039487e-03,5.586039062e-03,5.648353623e-03,5.648353337e-03,-3.672446346e-06,-2.649587960e-06,-2.660732998e-06,-1.786064386e-06
8.200000000e-08,3.000000000e+00,-3.096546870e-01,-3.096911577e-01,2.996269802e+00,4.193274132e-03,4.243568339e-03,4.243568016e-03,4.290783350e-03,4.290783134e-03,-3.211761713e-06,-3.337417238e-06,-2.016011826e-06,-1.353300321e-06
8.300000000e-08,3.000000000e+00,-2.526140255e-01,-2.526567865e-01,2.997120658e+00,3.188522874e-03,3.226620777e-03,3.226620532e-03,3.262386604e-03,3.262386440e-03,-2.768370072e-06,-4.023490792e-06,-1.527142709e-06,-1.025150144e-06
8.400000000e-08,3.000000000e+00,-1.886565971e-01,-1.887055349e-01,2.997962419e+00,2.427592982e-03,2.456445009e-03,2.456444823e-03,2.483531329e-03,2.483531205e-03,-2.342803660e-06,-4.705120429e-06,-1.156537510e-06,-7.763837001e-07
8.500000000e-08,3.000000000e+00,-1.180348126e-01,-1.180897894e-01,2.998801163e+00,1.851469192e-03,1.873313091e-03,1.873312951e-03,1.893820576e-03,1.893820482e-03,-1.935832778e-06,-5.379644541e-06,-8.756292830e-07,-5.878259879e-07
8.600000000e-08,3.000000000e+00,-4.102697962e-02,-4.108783410e-02,2.999642590e+00,1.415409138e-03,1.431941403e-03,1.431941297e-03,1.447462634e-03,1.447462562e-03,-1.548398472e-06,-6.044420557e-06,-6.627225347e-07,-4.449142409e-07
8.700000000e-08,3.000000000e+00,4.206221207e-02,4.199594367e-02,3.001190031e+00,1.098126207e-03,1.110185369e-03,1.110185279e-03,1.121515039e-03,1.121514979e-03,-1.307365553e-06,-6.668902033e-06,-4.834766564e-07,-3.248289322e-07
8.800000000e-08,3.000000000e+00,1.309052181e-01,1.308339207e-01,3.003894278e+00,8.782591945e-04,8.866393767e-04,8.866393030e-04,8.945215320e-04,8.945214827e-04,-1.169144662e-06,-7.260649673e-06,-3.360939255e-07,-2.261010660e-07
8.900000000e-08,3.000000000e+00,2.251514158e-01,2.250752837e-01,3.007674664e+00,7.302118991e-04,7.358566248e-04,7.358565700e-04,7.411719731e-04,7.411719363e-04,-1.039553270e-06,-7.838365196e-06,-2.265248859e-07,-1.526098308e-07
9.000000000e-08,3.000000000e+00,3.244288585e-01,3.243481056e-01,3.012448052e+00,6.350447456e-04,6.386724648e-04,6.386724244e-04,6.420951989e-04,6.420951719e-04,-9.190632403e-07,-8.399714631e-06,-1.457474420e-07,-9.843565315e-08
9.100000000e-08,3.000000000e+00,4.283457433e-01,4.282606025e-01,3.018128669e+00,5.783683715e-04,5.805252620e-04,5.805252326e-04,5.825679292e-04,5.825679095e-04,-8.081243639e-07,-8.942431128e-06,-8.685614467e-08,-5.894533014e-08
9.200000000e-08,3.000000000e+00,5.364919579e-01,5.364026796e-01,3.024628213e+00,5.492314384e-04,5.503333122e-04,5.503332911e-04,5.513860722e-04,5.513860581e-04,-7.071535199e-07,-9.464330930e-06,-4.462528518e-08,-3.063084728e-08
9.300000000e-08,3.000000000e+00,6.484406986e-01,6.483475498e-01,3.031856016e+00,5.392909591e-04,5.396547436e-04,5.396547289e-04,5.400149248e-04,5.400149149e-04,-6.165318257e-07,-9.963319592e-06,-1.509103659e-08,-1.083132828e-08
9.400000000e-08,3.000000000e+00,7.637501548e-01,7.636534183e-01,3.039719270e+00,5.421881360e-04,5.420555541e-04,5.420555441e-04,5.419498864e-04,5.419498798e-04,-5.366022570e-07,-1.043739849e-05,4.761220554e-09,2.476841752e-09
9.500000000e-08,3.000000000e+00,8.819652528e-01,8.818648280e-01,3.047128243e+00,5.351233113e-04,5.353151877e-04,5.353151942e-04,5.355033374e-04,5.355033416e-04,-4.875765320e-07,-1.092444108e-05,-8.210371169e-09,-5.911022442e-09
9.600000000e-08,3.000000000e+00,1.002619452e+00,1.002512047e+00,3.044975120e+00,3.571675670e-04,3.634362499e-04,3.634363714e-04,3.692300878e-04,3.692301678e-04,-6.301019731e-07,-1.174309271e-05,-2.511107516e-07,-1.659039850e-07
9.700000000e-08,3.000000000e+00,1.125236584e+00,1.125118078e+00,3.022051111e+00,-1.946567775e-04,-1.747726812e-04,-1.747724092e-04,-1.563655813e-04,-1.563654014e-04,-1.006344349e-06,-1.297585997e-05,-7.951890810e-07,-5.257530014e-07
9.800000000e-08,3.000000000e+00,1.249332737e+00,1.249204061e+00,2.979766899e+00,-1.198454799e-03,-1.161721310e-03,-1.161720974e-03,-1.127647070e-03,-1.127646847e-03,-3.943712535e-06,-1.411685278e-05,-1.468177841e-06,-9.724124643e-07
9.900000000e-08,3.000000000e+00,1.374418158e+00,1.374281480e+00,2.922583715e+00,-2.539495683e-03,-2.489751476e-03,-2.489751216e-03,-2.443524248e-03,-2.443524075e-03,-1.000556070e-05,-1.504229499e-05,-1.987278547e-06,-1.318326984e-06
1.000000000e-07,3.000000000e+00,1.499999557e+00,1.499850462e+00,2.838482367e+00,-4.515444393e-03,-4.442323474e-03,-4.442323007e-03,-4.374434771e-03,-4.374434462e-03,-1.618384779e-05,-1.640946592e-05,-2.920394461e-06,-1.935289465e-06
1.010000000e-07,3.000000000e+00,1.625580596e+00,1.625412249e+00,2.709374702e+00,-7.551553792e-03,-7.439333259e-03,-7.439332478e-03,-7.335192271e-03,-7.335191755e-03,-2.123980518e-05,-1.846028972e-05,-4.481382003e-06,-2.968099298e-06
1.020000000e-07,3.000000000e+00,1.750666026e+00,1.750463448e+00,2.496796789e+00,-1.256161332e-02,-1.237690438e-02,-1.237690293e-02,-1.220558446e-02,-1.220558351e-02,-2.119581285e-05,-2.200839564e-05,-7.375980784e-06,-4.882607783e-06
1.030000000e-07,3.000000000e+00,1.874762388e+00,1.874512826e+00,2.167854672e+00,-1.968699010e-02,-1.942269355e-02,-1.942269196e-02,-1.917733785e-02,-1.917733680e-02,-1.753722137e-05,-2.683094604e-05,-1.055243942e-05,-6.990940081e-06
1.040000000e-07,3.000000000e+00,1.997379536e+00,1.997087411e+00,1.732617776e+00,-5.729083509e-03,-6.206942288e-03,-6.206957124e-03,-6.645118781e-03,-6.645128539e-03,-5.321470923e-05,-3.120995433e-05,1.912055811e-05,1.252554960e-05
1.050000000e-07,3.000000000e+00,2.118033755e+00,2.117706897e+00,1.209656944e+00,7.418682124e-02,7.132736569e-02,7.132731810e-02,6.868592351e-02,6.868589208e-02,-1.717842190e-04,-3.480378563e-05,1.143068945e-04,7.539973083e-05
1.060000000e-07,3.000000000e+00,2.236248876e+00,2.235948319e+00,7.506469479e-01,2.593203533e-01,2.525879837e-01,2.525879063e-01,2.463523329e-01,2.463522816e-01,-3.384734739e-04,-3.229197012e-05,2.690421976e-04,1.779128880e-04
1.070000000e-07,3.000000000e+00,2.351558460e+00,2.351320523e+00,4.453313034e-01,5.288157193e-01,5.188546377e-01,5.188545733e-01,5.096050489e-01,5.096050060e-01,-4.772726246e-04,-2.614531076e-05,3.979244089e-04,2.637625190e-04
1.080000000e-07,3.000000000e+00,2.463507229e+00,2.463322250e+00,2.684727148e-01,8.502293751e-01,8.382179490e-01,8.382179082e-01,8.270494503e-01,8.270494230e-01,-5.633898371e-04,-2.096133414e-05,4.796188243e-04,3.182717474e-04
1.090000000e-07,3.000000000e+00,2.571653475e+00,2.571502806e+00,1.724512873e-01,1.191695977e+00,1.178826033e+00,1.178826016e+00,1.166851261e+00,1.166851249e+00,-5.977098516e-04,-1.763847497e-05,5.136189183e-04,3.409690165e-04
1.100000000e-07,3.000000000e+00,2.675570394e+00,2.675439319e+00,1.195246414e-01,1.516245991e+00,1.503894200e+00,1.503894210e+00,1.492395675e+00,1.492395682e+00,-5.710858554e-04,-1.578300992e-05,4.925677595e-04,3.270371908e-04
1.110000000e-07,3.000000000e+00,2.774847874e+00,2.774728200e+00,8.828704910e-02,1.804704006e+00,1.793630261e+00,1.793630287e+00,1.783322986e+00,1.783323003e+00,-5.111038095e-04,-1.474220136e-05,4.411561567e-04,2.927109917e-04
1.120000000e-07,3.000000000e+00,2.869094029e+00,2.868981807e+00,6.796435274e-02,2.050029320e+00,2.040530141e+00,2.040530172e+00,2.031694916e+00,2.031694937e+00,-4.383231840e-04,-1.409129009e-05,3.779266428e-04,2.504041939e-04
1.130000000e-07,3.000000000e+00,2.957937082e+00,2.957830633e+00,5.348343403e-02,2.252278426e+00,2.244372934e+00,2.244372966e+00,2.237029642e+00,2.237029663e+00,-3.650587138e-04,-1.360292672e-05,3.139752771e-04,2.075722378e-04
1.140000000e-07,3.000000000e+00,3.041026324e+00,3.040925052e+00,4.251439452e-02,2.415262619e+00,2.408820935e+00,2.408820964e+00,2.402849071e+00,2.402849091e+00,-2.979354864e-04,-1.316828141e-05,2.552585417e-04,1.682226749e-04
1.150000000e-07,3.000000000e+00,3.118033717e+00,3.117937498e+00,3.394048723e-02,2.544398394e+00,2.539224825e+00,2.539224850e+00,2.534441678e+00,2.534441695e+00,-2.398713324e-04,-1.273994820e-05,2.044035303e-04,1.341276307e-04
1.160000000e-07,3.000000000e+00,3.188655602e+00,3.188564498e+00,2.715051445e-02,2.645423294e+00,2.641306498e+00,2.641306520e+00,2.637514334e+00,2.637514349e+00,-1.915376812e-04,-1.229900200e-05,1.620305183e-04,1.057106327e-04
1.170000000e-07,3.000000000e+00,3.252613134e+00,3.252527276e+00,2.174366532e-02,2.723703836e+00,2.720444166e+00,2.720444183e+00,2.717455990e+00,2.717456002e+00,-1.523774823e-04,-1.183845748e-05,1.276663847e-04,8.265947286e-05
1.180000000e-07,3.000000000e+00,3.309653739e+00,3.309573276e+00,1.741838637e-02,2.783924225e+00,2.781346364e+00,2.781346378e+00,2.778997864e+00,2.778997874e+00,-1.212655352e-04,-1.135595239e-05,1.003330781e-04,6.432138252e-05
1.190000000e-07,3.000000000e+00,3.359552652e+00,3.359477739e+00,1.393383335e-02,2.829999667e+00,2.827956524e+00,2.827956535e+00,2.826109777e+00,2.826109784e+00,-9.690337207e-05,-1.085079996e-05,7.889775527e-05,4.993841493e-05
1.200000000e-07,3.000000000e+00,3.402112536e+00,3.402043328e+00,1.109600762e-02,2.865107767e+00,2.863479619e+00,2.863479627e+00,2.862022327e+00,2.862022333e+00,-7.803387716e-05,-1.032296417e-05,6.226244096e-05,3.877512098e-05
1.210000000e-07,3.000000000e+00,3.437165913e+00,3.437102556e+00,8.750477555e-03,2.891776311e+00,2.890467753e+00,2.890467759e+00,2.889310410e+00,2.889310414e+00,-6.354081530e-05,-9.772869017e-06,4.945186214e-05,3.017781080e-05
1.220000000e-07,3.000000000e+00,3.464574182e+00,3.464516815e+00,6.776221862e-03,2.911986600e+00,2.910922739e+00,2.910922744e+00,2.909995070e+00,2.909995073e+00,-5.248294455e-05,-9.201235741e-06,3.964353952e-05,2.359497213e-05
1.230000000e-07,3.000000000e+00,3.484228986e+00,3.484177736e+00,5.079746884e-03,2.927275378e+00,2.926398057e+00,2.926398061e+00,2.925645486e+00,2.925645489e+00,-4.409227870e-05,-8.609187596e-06,3.216641894e-05,1.857649971e-05
1.240000000e-07,3.000000000e+00,3.496053001e+00,3.496007980e+00,3.589450985e-03,2.938825651e+00,2.938090074e+00,2.938090076e+00,2.937470555e+00,2.937470557e+00,-3.775591620e-05,-7.998155584e-06,2.648500902e-05,1.476314237e-05
1.250000000e-07,3.000000000e+00,3.499999848e+00,3.499961150e+00,2.250678445e-03,2.947543092e+00,2.946914955e+00,2.946914957e+00,2.946396292e+00,2.946396294e+00,-3.299221612e-05,-7.369804289e-06,2.217856589e-05,1.187258907e-05
1.260000000e-07,3.000000000e+00,3.496053734e+00,3.496021433e+00,1.021793132e-03,2.954117445e+00,2.953570592e+00,2.953570594e+00,2.953128235e+00,2.953128236e+00,-2.942723119e-05,-6.726079194e-06,1.892052346e-05,9.685696614e-06
1.270000000e-07,3.000000000e+00,3.484229859e+00,3.484203922e+00,-3.492886146e-04,2.959070391e+00,2.958585055e+00,2.958585057e+00,2.958200446e+00,2.958200447e+00,-2.678079652e-05,-6.077865909e-06,1.645481620e-05,8.030670961e-06
1.280000000e-07,3.000000000e+00,3.464575259e+00,3.464555065e+00,-3.519924495e-03,2.962778071e+00,2.962339931e+00,2.962339932e+00,2.961999614e+00,2.961999615e+00,-2.488731430e-05,-5.484012841e-06,1.456323709e-05,6.761363176e-06
1.290000000e-07,3.000000000e+00,3.437166904e+00,3.437152501e+00,-8.402907833e-03,2.965555647e+00,2.965152831e+00,2.965152832e+00,2.964845678e+00,2.964845678e+00,-2.353031271e-05,-4.877402983e-06,1.314747750e-05,5.810989302e-06
1.300000000e-07,3.000000000e+00,3.402113776e+00,3.402105186e+00,-1.492124766e-02,2.967638236e+00,2.967261815e+00,2.967261816e+00,2.966979444e+00,2.966979444e+00,-2.257471605e-05,-4.261124980e-06,1.208956884e-05,5.100805642e-06
1.310000000e-07,3.000000000e+00,3.359553468e+00,3.359550683e+00,-2.300424431e-02,2.969202654e+00,2.968845916e+00,2.968845916e+00,2.968582024e+00,2.968582024e+00,-2.191898607e-05,-3.638034152e-06,1.130067771e-05,4.571187439e-06
1.320000000e-07,3.000000000e+00,3.309654687e+00,3.309657673e+00,-3.258408888e-02,2.970381846e+00,2.970039741e+00,2.970039742e+00,2.969789591e+00,2.969789591e+00,-2.148664070e-05,-3.011029388e-06,1.071412643e-05,4.177375037e-06
1.330000000e-07,3.000000000e+00,3.252614025e+00,3.252622724e+00,-4.359431377e-02,2.971275822e+00,2.970944555e+00,2.970944555e+00,2.970704580e+00,2.970704581e+00,-2.121999982e-05,-2.382807676e-06,1.027977067e-05,3.885708024e-06
1.340000000e-07,3.000000000e+00,3.188656597e+00,3.188670923e+00,-5.596804367e-02,2.971959785e+00,2.971636498e+00,2.971636498e+00,2.971404019e+00,2.971404019e+00,-2.107542171e-05,-1.756084568e-06,9.959870470e-06,3.670853149e-06
1.350000000e-07,3.000000000e+00,3.118034813e+00,3.118054658e+00,-6.963702517e-02,2.972490233e+00,2.972172780e+00,2.972172780e+00,2.971945781e+00,2.971945782e+00,-2.101983115e-05,-1.133493637e-06,9.725980056e-06,3.513716550e-06
1.360000000e-07,3.000000000e+00,3.041026980e+00,3.041052214e+00,-8.453099702e-02,2.972909555e+00,2.972596324e+00,2.972596324e+00,2.972373295e+00,2.972373295e+00,-2.102809217e-05,-5.176097951e-07,9.556633365e-06,3.399889924e-06
1.370000000e-07,3.000000000e+00,2.957937788e+00,2.957968257e+00,-1.005769231e-01,2.973249471e+00,2.972939257e+00,2.972939257e+00,2.972719065e+00,2.972719065e+00,-2.108103929e-05,8.900912294e-08,9.435618054e-06,3.318491791e-06
1.380000000e-07,3.000000000e+00,2.869094782e+00,2.869130312e+00,-1.176991851e-01,2.973533643e+00,2.973225545e+00,2.973225545e+00,2.973007345e+00,2.973007345e+00,-2.116405689e-05,6.839585545e-07,9.350667984e-06,3.261289839e-06
1.390000000e-07,3.000000000e+00,2.774848584e+00,2.774888981e+00,-1.358191617e-01,2.973779631e+00,2.973472981e+00,2.973472981e+00,2.973256145e+00,2.973256145e+00,-2.126592012e-05,1.264811103e-06,9.292506481e-06,3.222058416e-06
1.400000000e-07,3.000000000e+00,2.675571142e+00,2.675616190e+00,-1.548552984e-01,2.974000378e+00,2.973694683e+00,2.973694683e+00,2.973478748e+00,2.973478748e+00,-2.137801098e-05,1.829234217e-06,9.254108119e-06,3.196083156e-06
1.410000000e-07,3.000000000e+00,2.571654257e+00,2.571703723e+00,-1.747231904e-01,2.974205330e+00,2.973900228e+00,2.973900228e+00,2.973684857e+00,2.973684857e+00,-2.149369126e-05,2.374969742e-06,9.230153099e-06,3.179794590e-06
1.420000000e-07,3.000000000e+00,2.463508042e+00,2.463561676e+00,-1.953357356e-01,2.974401286e+00,2.974096518e+00,2.974096518e+00,2.973881465e+00,2.973881465e+00,-2.160783764e-05,2.899840501e-06,9.216614576e-06,3.170491130e-06
1.430000000e-07,3.000000000e+00,2.351559301e+00,2.351616835e+00,-2.166033414e-01,2.974593046e+00,2.974288427e+00,2.974288427e+00,2.974073520e+00,2.974073520e+00,-2.171649135e-05,3.401757130e-06,9.210447411e-06,3.166130120e-06
1.440000000e-07,3.000000000e+00,2.236249845e+00,2.236311023e+00,-2.383643303e-01,2.974784930e+00,2.974480297e+00,2.974480297e+00,2.974265384e+00,2.974265384e+00,-2.182808584e-05,3.881516510e-06,9.210811364e-06,3.166130012e-06
1.450000000e-07,3.000000000e+00,2.118034747e+00,2.118101809e+00,-2.541761032e-01,2.975072091e+00,2.974764062e+00,2.974764062e+00,2.974546022e+00,2.974546021e+00,-2.297265686e-05,4.588183205e-06,9.346378159e-06,3.255185125e-06
1.460000000e-07,3.000000000e+00,1.997380548e+00,1.997457518e+00,-2.531058902e-01,2.975568159e+00,2.975252505e+00,2.975252505e+00,2.975027405e+00,2.975027405e+00,-2.582644069e-05,5.699570381e-06,9.650914624e-06,3.456412319e-06
1.470000000e-07,3.000000000e+00,1.874763416e+00,1.874854462e+00,-2.238268694e-01,2.976333430e+00,2.976007752e+00,2.976007752e+00,2.975773340e+00,2.975773340e+00,-3.037267489e-05,7.229849630e-06,1.005111759e-05,3.721711557e-06
1.480000000e-07,3.000000000e+00,1.750666905e+00,1.750776227e+00,-1.549112049e-01,2.977395783e+00,2.977058930e+00,2.977058930e+00,2.976814125e+00,2.976814125e+00,-3.658076094e-05,9.181481032e-06,1.049706579e-05,4.017602312e-06
1.490000000e-07,3.000000000e+00,1.625581480e+00,1.625713162e+00,-3.519122584e-02,2.978766527e+00,2.978418004e+00,2.978418003e+00,2.978162344e+00,2.978162344e+00,-4.439587270e-05,1.154259442e-05,1.096250369e-05,4.326384805e-06
1.500000000e-07,3.000000000e+00,1.500000443e+00,1.500141791e+00,1.045380584e-01,2.979795606e+00,2.979458399e+00,2.979458399e+00,2.979213079e+00,2.979213079e+00,-5.520228977e-05,1.263479103e-05,1.050882429e-05,4.029952442e-06
1.510000000e-07,3.000000000e+00,1.374419404e+00,1.374577715e+00,2.835501268e-01,2.980892362e+00,2.980553299e+00,2.980553299e+00,2.980306411e+00,2.980306411e+00,-6.751295658e-05,1.445666687e-05,1.058195414e-05,4.073642573e-06
1.520000000e-07,3.000000000e+00,1.249333776e+00,1.249531498e+00,5.590021408e-01,2.982965445e+00,2.982591567e+00,2.982591566e+00,2.982312588e+00,2.982312587e+00,-7.956733336e-05,1.852294600e-05,1.197252932e-05,4.988490857e-06
1.530000000e-07,3.000000000e+00,1.125237612e+00,1.125481444e+00,9.486188317e-01,2.985040587e+00,2.984664461e+00,2.984664461e+00,2.984383087e+00,2.984383087e+00,-9.229966831e-05,2.325799374e-05,1.206038350e-05,5.054886350e-06
1.540000000e-07,3.000000000e+00,1.002620464e+00,1.002905185e+00,1.440340999e+00,2.959327744e+00,2.959936326e+00,2.959936346e+00,2.960562816e+00,2.960562829e+00,-1.116658673e-04,2.746951126e-05,-2.730324763e-05,-2.085969128e-05
1.550000000e-07,3.000000000e+00,8.819662454e-01,8.822681903e-01,1.975984483e+00,2.851601453e+00,2.855175690e+00,2.855175749e+00,2.858546232e+00,2.858546271e+00,-1.208137626e-04,2.931252170e-05,-1.458246580e-04,-9.915805741e-05
1.560000000e-07,3.000000000e+00,7.637511241e-01,7.640002633e-01,2.381395229e+00,2.644382423e+00,2.651662522e+00,2.651662596e+00,2.658478867e+00,2.658478916e+00,-9.374037620e-05,2.415017292e-05,-2.938556108e-04,-1.974090741e-04
1.570000000e-07,3.000000000e+00,6.484415400e-01,6.486274602e-01,2.631665216e+00,2.368121857e+00,2.378080316e+00,2.378080370e+00,2.387400986e+00,2.387401021e+00,-6.865314815e-05,1.794358217e-05,-4.007164477e-04,-2.686907073e-04
1.580000000e-07,3.000000000e+00,5.364927713e-01,5.366326134e-01,2.770696028e+00,2.052699289e+00,2.064225213e+00,2.064225245e+00,2.075013564e+00,2.075013585e+00,-5.013290284e-05,1.344771535e-05,-4.631011820e-04,-3.103127122e-04
1.590000000e-07,3.000000000e+00,4.283465255e-01,4.284584215e-01,2.844798658e+00,1.725771724e+00,1.737825001e+00,1.737825012e+00,1.749109238e+00,1.749109245e+00,-3.875087357e-05,1.076125111e-05,-4.838689140e-04,-3.241555643e-04
1.600000000e-07,3.000000000e+00,3.244296063e-01,3.245259289e-01,2.885852838e+00,1.417690664e+00,1.429137059e+00,1.429137046e+00,1.439859992e+00,1.439859984e+00,-3.183483230e-05,9.307823471e-06,-4.592849083e-04,-3.078097483e-04
1.610000000e-07,3.000000000e+00,2.251522132e-01,2.252393564e-01,2.910768358e+00,1.143854130e+00,1.154081297e+00,1.154081273e+00,1.163666606e+00,1.163666589e+00,-2.730626807e-05,8.489174356e-06,-4.102407669e-04,-2.750303284e-04
1.620000000e-07,3.000000000e+00,1.309059711e-01,1.309868301e-01,2.927685103e+00,9.099924148e-01,9.187588911e-01,9.187588618e-01,9.269780902e-01,9.269780706e-01,-2.398236098e-05,7.954996470e-06,-3.515778123e-04,-2.357620769e-04
1.630000000e-07,3.000000000e+00,4.206291758e-02,4.213861270e-02,2.940279538e+00,7.159860550e-01,7.232784248e-01,7.232783953e-01,7.301174264e-01,7.301174065e-01,-2.129846017e-05,7.527449177e-06,-2.924180718e-04,-1.961310060e-04
1.640000000e-07,3.000000000e+00,-4.102632429e-02,-4.095548114e-02,2.950174980e+00,5.584973224e-01,5.644293215e-01,5.644292942e-01,5.699937371e-01,5.699937188e-01,-1.901657931e-05,7.125341773e-06,-2.378443933e-04,-1.595540761e-04
1.650000000e-07,3.000000000e+00,-1.180337170e-01,-1.179677444e-01,2.958132053e+00,4.327347235e-01,4.374792310e-01,4.374792072e-01,4.419305049e-01,4.419304889e-01,-1.704169119e-05,6.715290329e-06,-1.902177785e-04,-1.276218644e-04
1.660000000e-07,3.000000000e+00,-1.886556018e-01,-1.885946367e-01,2.964575480e+00,3.335531160e-01,3.372993737e-01,3.372993537e-01,3.408145701e-01,3.408145567e-01,-1.532930925e-05,6.285161556e-06,-1.501876064e-04,-1.007755696e-04
1.670000000e-07,3.000000000e+00,-2.526131344e-01,-2.525573481e-01,2.969801267e+00,2.560749565e-01,2.590041615e-01,2.590041451e-01,2.617529901e-01,2.617529791e-01,-1.384736499e-05,5.831239711e-06,-1.174272053e-04,-7.880018140e-05
1.680000000e-07,3.000000000e+00,-3.096537390e-01,-3.096033074e-01,2.974047210e+00,1.959884048e-01,1.982617158e-01,1.982617026e-01,2.003952148e-01,2.003952060e-01,-1.256458712e-05,5.352805683e-06,-9.113070066e-05,-6.115788518e-05
1.690000000e-07,3.000000000e+00,-3.595526516e-01,-3.595077464e-01,2.977512889e+00,1.496462574e-01,1.514005201e-01,1.514005097e-01,1.530469977e-01,1.530469907e-01,-1.144932968e-05,4.850073058e-06,-7.032190577e-05,-4.719556193e-05
1.700000000e-07,3.000000000e+00,-4.021125361e-01,-4.020733217e-01,2.980364660e+00,1.140551566e-01,1.154030144e-01,1.154030063e-01,1.166681195e-01,1.166681141e-01,-1.047132580e-05,4.323550907e-06,-5.402971475e-05,-3.626276086e-05
1.710000000e-07,3.000000000e+00,-4.371659133e-01,-4.371325448e-01,2.982738217e+00,8.680862707e-02,8.784080005e-02,8.784079372e-02,8.880963869e-02,8.880963444e-02,-9.603445357e-06,3.774019622e-06,-4.137476018e-05,-2.777009437e-05
1.720000000e-07,3.000000000e+00,-4.645741817e-01,-4.645468030e-01,2.984741892e+00,6.600153822e-02,6.678996014e-02,6.678995525e-02,6.753002594e-02,6.753002266e-02,-8.822584743e-06,3.202442484e-06,-3.160366675e-05,-2.121240674e-05
1.730000000e-07,3.000000000e+00,-4.842289858e-01,-4.842077270e-01,2.986460633e+00,5.014211779e-02,5.074318258e-02,5.074317882e-02,5.130739515e-02,5.130739263e-02,-8.109926524e-06,2.610108497e-06,-2.409333485e-05,-1.617177397e-05
1.740000000e-07,3.000000000e+00,-4.960532061e-01,-4.960381811e-01,2.987960322e+00,3.807125726e-02,3.852880278e-02,3.852879990e-02,3.895830307e-02,3.895830114e-02,-7.450611043e-06,1.998550096e-06,-1.834034981e-05,-1.231047728e-05
1.750000000e-07,3.000000000e+00,-4.999998478e-01,-4.999911526e-01,2.989291662e+00,2.889437972e-02,2.924227486e-02,2.924227266e-02,2.956885034e-02,2.956884886e-02,-6.833242551e-06,1.369521108e-06,-1.394504767e-05,-9.360359653e-06
1.760000000e-07,3.000000000e+00,-4.960537336e-01,-4.960514438e-01,2.990493556e+00,2.192377659e-02,2.218806485e-02,2.218806318e-02,2.243615984e-02,2.243615872e-02,-6.249335304e-06,7.250301555e-07,-1.059371844e-05,-7.110912347e-06
1.770000000e-07,3.000000000e+00,-4.842298586e-01,-4.842340293e-01,2.991596025e+00,1.663222832e-02,1.683285993e-02,1.683285865e-02,1.702120037e-02,1.702119951e-02,-5.692667532e-06,6.715920020e-08,-8.042097319e-06,-5.398213088e-06
1.780000000e-07,3.000000000e+00,-4.645752594e-01,-4.645859220e-01,2.992622053e+00,1.261760144e-02,1.276982495e-02,1.276982398e-02,1.291272406e-02,1.291272341e-02,-5.158994174e-06,-6.016810478e-07,-6.101710254e-06,-4.095772205e-06
1.790000000e-07,3.000000000e+00,-4.371669036e-01,-4.371840665e-01,2.993589654e+00,9.573002084e-03,9.688445931e-03,9.688445194e-03,9.796819133e-03,9.796818639e-03,-4.645412670e-06,-1.279125924e-06,-4.627442311e-06,-3.106195094e-06
1.800000000e-07,3.000000000e+00,-4.021137761e-01,-4.021374231e-01,2.994512927e+00,7.264898659e-03,7.352418151e-03,7.352417591e-03,7.434577922e-03,7.434577547e-03,-4.150199031e-06,-1.962595019e-06,-3.508132087e-06,-2.354872603e-06
1.810000000e-07,3.000000000e+00,-3.595534683e-01,-3.595835597e-01,2.995403280e+00,5.515619328e-03,5.581948933e-03,5.581948508e-03,5.644217007e-03,5.644216721e-03,-3.672384762e-06,-2.649590184e-06,-2.658766167e-06,-1.784744165e-06
1.820000000e-07,3.000000000e+00,-3.096546870e-01,-3.096911578e-01,2.996269947e+00,4.190213469e-03,4.240470482e-03,4.240470160e-03,4.287650578e-03,4.287650361e-03,-3.211714991e-06,-3.337418935e-06,-2.014520975e-06,-1.352299595e-06
1.830000000e-07,3.000000000e+00,-2.526140255e-01,-2.526567865e-01,2.997120771e+00,3.186205415e-03,3.224275133e-03,3.224274889e-03,3.260014502e-03,3.260014338e-03,-2.768334621e-06,-4.023492089e-06,-1.526013004e-06,-1.024391833e-06
1.840000000e-07,3.000000000e+00,-1.886565971e-01,-1.887055349e-01,2.997962506e+00,2.425838532e-03,2.454669208e-03,2.454669023e-03,2.481735485e-03,2.481735361e-03,-2.342776755e-06,-4.705121422e-06,-1.155681686e-06,-7.758092301e-07
1.850000000e-07,3.000000000e+00,-1.180348126e-01,-1.180897894e-01,2.998801231e+00,1.850141157e-03,1.871968885e-03,1.871968745e-03,1.892461190e-03,1.892461095e-03,-1.935812354e-06,-5.379645304e-06,-8.749810808e-07,-5.873908830e-07
1.860000000e-07,3.000000000e+00,-4.102697962e-02,-4.108783411e-02,2.999642644e+00,1.414404008e-03,1.430924027e-03,1.430923921e-03,1.446433762e-03,1.446433690e-03,-1.548382962e-06,-6.044421145e-06,-6.622316758e-07,-4.445847521e-07
1.870000000e-07,3.000000000e+00,4.206221207e-02,4.199594369e-02,3.001190134e+00,1.097366704e-03,1.109416553e-03,1.109416463e-03,1.120737481e-03,1.120737421e-03,-1.307364580e-06,-6.668900091e-06,-4.831033830e-07,-3.245783934e-07
1.880000000e-07,3.000000000e+00,1.309052181e-01,1.308339207e-01,3.003894417e+00,8.776854153e-04,8.860585529e-04,8.860584793e-04,8.939340952e-04,8.939340458e-04,-1.169143933e-06,-7.260648214e-06,-3.358115619e-07,-2.259115311e-07
1.890000000e-07,3.000000000e+00,2.251514158e-01,2.250752837e-01,3.007674830e+00,7.297786077e-04,7.354180046e-04,7.354179498e-04,7.407283504e-04,7.407283137e-04,-1.039552725e-06,-7.838364105e-06,-2.263112939e-07,-1.524664590e-07
1.900000000e-07,3.000000000e+00,3.244288585e-01,3.243481056e-01,3.012448238e+00,6.347177119e-04,6.383414006e-04,6.383413603e-04,6.417603511e-04,6.417603240e-04,-9.190628339e-07,-8.399713818e-06,-1.455858886e-07,-9.832721230e-08
1.910000000e-07,3.000000000e+00,4.283457433e-01,4.282606025e-01,3.018128870e+00,5.781216857e-04,5.802755283e-04,5.802754989e-04,5.823153343e-04,5.823153146e-04,-8.081240627e-07,-8.942430526e-06,-8.673398034e-08,-5.886332906e-08
1.920000000e-07,3.000000000e+00,5.364919579e-01,5.364026796e-01,3.024628425e+00,5.490454854e-04,5.501450552e-04,5.501450341e-04,5.511956525e-04,5.511956383e-04,-7.071532982e-07,-9.464330487e-06,-4.453294000e-08,-3.056886205e-08
1.930000000e-07,3.000000000e+00,6.484406986e-01,6.483475498e-01,3.031856236e+00,5.391508896e-04,5.395129335e-04,5.395129187e-04,5.398714806e-04,5.398714707e-04,-6.165316643e-07,-9.963319269e-06,-1.502126581e-08,-1.078449584e-08
1.940000000e-07,3.000000000e+00,7.637501548e-01,7.636534183e-01,3.039719496e+00,5.420827105e-04,5.419488142e-04,5.419488043e-04,5.418419127e-04,5.418419060e-04,-5.366021411e-07,-1.043739826e-05,4.813904006e-09,2.512204602e-09
1.950000000e-07,3.000000000e+00,8.819652528e-01,8.818648280e-01,3.047128474e+00,5.350440163e-04,5.352349012e-04,5.352349077e-04,5.354221201e-04,5.354221243e-04,-4.875764507e-07,-1.092444092e-05,-8.170630411e-09,-5.884346965e-09
1.960000000e-07,3.000000000e+00,1.002619452e+00,1.002512047e+00,3.044975353e+00,3.571079026e-04,3.633758404e-04,3.633759618e-04,3.691689788e-04,3.691690588e-04,-6.301019202e-07,-1.174309261e-05,-2.510808872e-07,-1.658839377e-07
1.970000000e-07,3.000000000e+00,1.125236584e+00,1.125118078e+00,3.022051342e+00,-1.947173482e-04,-1.748332567e-04,-1.748329847e-04,-1.564261708e-04,-1.564259908e-04,-1.006344382e-06,-1.297586004e-05,-7.951888260e-07,-5.257525422e-07
1.980000000e-07,3.000000000e+00,1.249332737e+00,1.249204061e+00,2.979767040e+00,-1.198517414e-03,-1.161783847e-03,-1.161783510e-03,-1.127709537e-03,-1.127709313e-03,-3.943696548e-06,-1.411685639e-05,-1.468180886e-06,-9.724144038e-07
1.990000000e-07,3.000000000e+00,1.374418158e+00,1.374281480e+00,2.922583807e+00,-2.539559197e-03,-2.489814947e-03,-2.489814688e-03,-2.443587681e-03,-2.443587508e-03,-1.000555214e-05,-1.504229694e-05,-1.987280171e-06,-1.318328014e-06
2.000000000e-07,3.000000000e+00,1.499999557e+00,1.499850462e+00,2.838482433e+00,-4.515508304e-03,-4.442387362e-03,-4.442386895e-03,-4.374498639e-03,-4.374498330e-03,-1.618384324e-05,-1.640946697e-05,-2.920395296e-06,-1.935289964e-06
2.010000000e-07,3.000000000e+00,1.625580596e+00,1.625412249e+00,2.709374755e+00,-7.551617794e-03,-7.439397250e-03,-7.439396470e-03,-7.335256254e-03,-7.335255738e-03,-2.123980307e-05,-1.846029022e-05,-4.481382361e-06,-2.968099476e-06
2.020000000e-07,3.000000000e+00,1.750666026e+00,1.750463448e+00,2.496796841e+00,-1.256167715e-02,-1.237696821e-02,-1.237696676e-02,-1.220564829e-02,-1.220564734e-02,-2.119581283e-05,-2.200839569e-05,-7.375980740e-06,-4.882607693e-06
2.030000000e-07,3.000000000e+00,1.874762388e+00,1.874512826e+00,2.167854723e+00,-1.968705453e-02,-1.942275795e-02,-1.942275636e-02,-1.917740223e-02,-1.917740117e-02,-1.753722014e-05,-2.683094610e-05,-1.055244044e-05,-6.990940692e-06
2.040000000e-07,3.000000000e+00,1.997379536e+00,1.997087411e+00,1.732617824e+00,-5.729152222e-03,-6.207010841e-03,-6.207025678e-03,-6.645187189e-03,-6.645196947e-03,-5.321470195e-05,-3.120995442e-05,1.912055179e-05,1.252554550e-05
2.050000000e-07,3.000000000e+00,2.118033755e+00,2.117706897e+00,1.209656988e+00,7.418674796e-02,7.132729259e-02,7.132724500e-02,6.868585058e-02,6.868581914e-02,-1.717842061e-04,-3.480378582e-05,1.143068875e-04,7.539972623e-05
2.060000000e-07,3.000000000e+00,2.236248876e+00,2.235948319e+00,7.506469768e-01,2.593202731e-01,2.525879037e-01,2.525878263e-01,2.463522532e-01,2.463522019e-01,-3.384734627e-04,-3.229197071e-05,2.690421872e-04,1.779128812e-04
2.070000000e-07,3.000000000e+00,2.351558460e+00,2.351320523e+00,4.453313197e-01,5.288156353e-01,5.188545538e-01,5.188544894e-01,5.096049652e-01,5.096049223e-01,-4.772726181e-04,-2.614531127e-05,3.979244027e-04,2.637625149e-04
2.080000000e-07,3.000000000e+00,2.463507229e+00,2.463322250e+00,2.684727232e-01,8.502292897e-01,8.382178637e-01,8.382178229e-01,8.270493651e-01,8.270493378e-01,-5.633898346e-04,-2.096133446e-05,4.796188219e-04,3.182717459e-04
2.090000000e-07,3.000000000e+00,2.571653475e+00,2.571502806e+00,1.724512918e-01,1.191695895e+00,1.178825952e+00,1.178825935e+00,1.166851179e+00,1.166851168e+00,-5.977098577e-04,-1.763847512e-05,5.136189235e-04,3.409690200e-04
2.100000000e-07,3.000000000e+00,2.675570394e+00,2.675439319e+00,1.195246443e-01,1.516245918e+00,1.503894127e+00,1.503894137e+00,1.492395601e+00,1.492395608e+00,-5.710858692e-04,-1.578300999e-05,4.925677715e-04,3.270371988e-04
2.110000000e-07,3.000000000e+00,2.774847874e+00,2.774728200e+00,8.828705136e-02,1.804703943e+00,1.793630198e+00,1.793630224e+00,1.783322922e+00,1.783322940e+00,-5.111038268e-04,-1.474220139e-05,4.411561718e-04,2.927110018e-04
2.120000000e-07,3.000000000e+00,2.869094029e+00,2.868981807e+00,6.796435465e-02,2.050029268e+00,2.040530088e+00,2.040530120e+00,2.031694863e+00,2.031694884e+00,-4.383232019e-04,-1.409129010e-05,3.779266585e-04,2.504042044e-04
2.130000000e-07,3.000000000e+00,2.957937082e+00,2.957830633e+00,5.348343569e-02,2.252278383e+00,2.244372892e+00,2.244372924e+00,2.237029599e+00,2.237029620e+00,-3.650587305e-04,-1.360292673e-05,3.139752918e-04,2.075722477e-04
2.140000000e-07,3.000000000e+00,3.041026324e+00,3.040925052e+00,4.251439593e-02,2.415262585e+00,2.408820901e+00,2.408820930e+00,2.402849037e+00,2.402849056e+00,-2.979355012e-04,-1.316828142e-05,2.552585546e-04,1.682226835e-04
2.150000000e-07,3.000000000e+00,3.118033717e+00,3.117937498e+00,3.394048839e-02,2.544398367e+00,2.539224798e+00,2.539224823e+00,2.534441651e+00,2.534441668e+00,-2.398713448e-04,-1.273994821e-05,2.044035411e-04,1.341276380e-04
2.160000000e-07,3.000000000e+00,3.188655602e+00,3.188564498e+00,2.715051538e-02,2.645423273e+00,2.641306478e+00,2.641306499e+00,2.637514313e+00,2.637514328e+00,-1.915376914e-04,-1.229900201e-05,1.620305272e-04,1.057106387e-04
2.170000000e-07,3.000000000e+00,3.252613134e+00,3.252527276e+00,2.174366605e-02,2.723703820e+00,2.720444150e+00,2.720444167e+00,2.717455974e+00,2.717455986e+00,-1.523774905e-04,-1.183845749e-05,1.276663919e-04,8.265947764e-05
2.180000000e-07,3.000000000e+00,3.309653739e+00,3.309573276e+00,1.741838694e-02,2.783924212e+00,2.781346352e+00,2.781346365e+00,2.778997852e+00,2.778997861e+00,-1.212655416e-04,-1.135595240e-05,1.003330837e-04,6.432138629e-05
2.190000000e-07,3.000000000e+00,3.359552652e+00,3.359477739e+00,1.393383379e-02,2.829999658e+00,2.827956515e+00,2.827956526e+00,2.826109767e+00,2.826109774e+00,-9.690337706e-05,-1.085079996e-05,7.889775964e-05,4.993841786e-05
2.200000000e-07,3.000000000e+00,3.402112536e+00,3.402043328e+00,1.109600795e-02,2.865107760e+00,2.863479612e+00,2.863479620e+00,2.862022320e+00,2.862022326e+00,-7.803388101e-05,-1.032296417e-05,6.226244434e-05,3.877512325e-05
2.210000000e-07,3.000000000e+00,3.437165913e+00,3.437102556e+00,8.750477806e-03,2.891776306e+00,2.890467748e+00,2.890467754e+00,2.889310405e+00,2.889310409e+00,-6.354081825e-05,-9.772869020e-06,4.945186473e-05,3.017781253e-05
2.220000000e-07,3.000000000e+00,3.464574182e+00,3.464516815e+00,6.776222052e-03,2.911986596e+00,2.910922735e+00,2.910922740e+00,2.909995066e+00,2.909995069e+00,-5.248294680e-05,-9.201235744e-06,3.964354150e-05,2.359497345e-05
2.230000000e-07,3.000000000e+00,3.484228986e+00,3.484177736e+00,5.079747027e-03,2.927275375e+00,2.926398054e+00,2.926398058e+00,2.925645483e+00,2.925645485e+00,-4.409228042e-05,-8.609187598e-06,3.216642044e-05,1.857650072e-05
2.240000000e-07,3.000000000e+00,3.496053001e+00,3.496007980e+00,3.589451093e-03,2.938825649e+00,2.938090071e+00,2.938090074e+00,2.937470553e+00,2.937470555e+00,-3.775591750e-05,-7.998155585e-06,2.648501016e-05,1.476314314e-05
2.250000000e-07,3.000000000e+00,3.499999848e+00,3.499961150e+00,2.250678527e-03,2.947543090e+00,2.946914953e+00,2.946914955e+00,2.946396290e+00,2.946396292e+00,-3.299221710e-05,-7.369804290e-06,2.217856676e-05,1.187258965e-05
2.260000000e-07,3.000000000e+00,3.496053734e+00,3.496021433e+00,1.021793194e-03,2.954117443e+00,2.953570591e+00,2.953570593e+00,2.953128234e+00,2.953128235e+00,-2.942723194e-05,-6.726079195e-06,1.892052411e-05,9.685697051e-06
2.270000000e-07,3.000000000e+00,3.484229859e+00,3.484203922e+00,-3.492884889e-04,2.959070390e+00,2.958585054e+00,2.958585056e+00,2.958200445e+00,2.958200446e+00,-2.678079708e-05,-6.077865907e-06,1.645481669e-05,8.030671292e-06
2.280000000e-07,3.000000000e+00,3.464575259e+00,3.464555065e+00,-3.519924321e-03,2.962778070e+00,2.962339930e+00,2.962339931e+00,2.961999614e+00,2.961999614e+00,-2.488731472e-05,-5.484012839e-06,1.456323746e-05,6.761363425e-06
2.290000000e-07,3.000000000e+00,3.437166904e+00,3.437152501e+00,-8.402907623e-03,2.965555646e+00,2.965152831e+00,2.965152831e+00,2.964845677e+00,2.964845677e+00,-2.353031302e-05,-4.877402981e-06,1.314747778e-05,5.810989490e-06
2.300000000e-07,3.000000000e+00,3.402113776e+00,3.402105186e+00,-1.492124743e-02,2.967638236e+00,2.967261815e+00,2.967261816e+00,2.966979443e+00,2.966979443e+00,-2.257471629e-05,-4.261124979e-06,1.208956905e-05,5.100805783e-06
2.310000000e-07,3.000000000e+00,3.359553468e+00,3.359550683e+00,-2.300424405e-02,2.969202653e+00,2.968845915e+00,2.968845916e+00,2.968582024e+00,2.968582024e+00,-2.191898625e-05,-3.638034151e-06,1.130067787e-05,4.571187545e-06
2.320000000e-07,3.000000000e+00,3.309654687e+00,3.309657673e+00,-3.258408861e-02,2.970381845e+00,2.970039741e+00,2.970039741e+00,2.969789591e+00,2.969789591e+00,-2.148664083e-05,-3.011029387e-06,1.071412655e-05,4.177375116e-06
2.330000000e-07,3.000000000e+00,3.252614025e+00,3.252622724e+00,-4.359431349e-02,2.971275822e+00,2.970944554e+00,2.970944555e+00,2.970704580e+00,2.970704580e+00,-2.121999992e-05,-2.382807676e-06,1.027977075e-05,3.885708083e-06
2.340000000e-07,3.000000000e+00,3.188656597e+00,3.188670923e+00,-5.596804338e-02,2.971959785e+00,2.971636498e+00,2.971636498e+00,2.971404019e+00,2.971404019e+00,-2.107542178e-05,-1.756084567e-06,9.959870537e-06,3.670853194e-06
2.350000000e-07,3.000000000e+00,3.118034813e+00,3.118054658e+00,-6.963702487e-02,2.972490233e+00,2.972172779e+00,2.972172780e+00,2.971945781e+00,2.971945781e+00,-2.101983121e-05,-1.133493637e-06,9.725980107e-06,3.513716584e-06
2.360000000e-07,3.000000000e+00,3.041026980e+00,3.041052214e+00,-8.453099673e-02,2.972909554e+00,2.972596324e+00,2.972596324e+00,2.972373295e+00,2.972373295e+00,-2.102809221e-05,-5.176097950e-07,9.556633403e-06,3.399889949e-06
2.370000000e-07,3.000000000e+00,2.957937788e+00,2.957968257e+00,-1.005769228e-01,2.973249471e+00,2.972939257e+00,2.972939257e+00,2.972719065e+00,2.972719065e+00,-2.108103932e-05,8.900912304e-08,9.435618082e-06,3.318491810e-06
2.380000000e-07,3.000000000e+00,2.869094782e+00,2.869130312e+00,-1.176991848e-01,2.973533643e+00,2.973225545e+00,2.973225545e+00,2.973007345e+00,2.973007345e+00,-2.116405691e-05,6.839585545e-07,9.350668005e-06,3.261289853e-06
2.390000000e-07,3.000000000e+00,2.774848584e+00,2.774888981e+00,-1.358191614e-01,2.973779631e+00,2.973472981e+00,2.973472981e+00,2.973256145e+00,2.973256145e+00,-2.126592014e-05,1.264811103e-06,9.292506497e-06,3.222058427e-06
2.400000000e-07,3.000000000e+00,2.675571142e+00,2.675616190e+00,-1.548552981e-01,2.974000378e+00,2.973694683e+00,2.973694683e+00,2.973478748e+00,2.973478748e+00,-2.137801099e-05,1.829234216e-06,9.254108131e-06,3.196083164e-06
2.410000000e-07,3.000000000e+00,2.571654257e+00,2.571703723e+00,-1.747231901e-01,2.974205330e+00,2.973900228e+00,2.973900228e+00,2.973684857e+00,2.973684857e+00,-2.149369127e-05,2.374969742e-06,9.230153107e-06,3.179794596e-06
2.420000000e-07,3.000000000e+00,2.463508042e+00,2.463561676e+00,-1.953357353e-01,2.974401286e+00,2.974096518e+00,2.974096518e+00,2.973881465e+00,2.973881465e+00,-2.160783765e-05,2.899840501e-06,9.216614582e-06,3.170491135e-06
2.430000000e-07,3.000000000e+00,2.351559301e+00,2.351616835e+00,-2.166033411e-01,2.974593046e+00,2.974288427e+00,2.974288427e+00,2.974073520e+00,2.974073520e+00,-2.171649135e-05,3.401757130e-06,9.210447416e-06,3.166130123e-06
2.440000000e-07,3.000000000e+00,2.236249845e+00,2.236311023e+00,-2.383643300e-01,2.974784930e+00,2.974480297e+00,2.974480297e+00,2.974265384e+00,2.974265384e+00,-2.182808585e-05,3.881516510e-06,9.210811368e-06,3.166130015e-06
2.450000000e-07,3.000000000e+00,2.118034747e+00,2.118101809e+00,-2.541761029e-01,2.975072091e+00,2.974764062e+00,2.974764062e+00,2.974546022e+00,2.974546021e+00,-2.297265686e-05,4.588183205e-06,9.346378161e-06,3.255185127e-06
2.460000000e-07,3.000000000e+00,1.997380548e+00,1.997457518e+00,-2.531058900e-01,2.975568159e+00,2.975252505e+00,2.975252505e+00,2.975027405e+00,2.975027405e+00,-2.582644069e-05,5.699570381e-06,9.650914626e-06,3.456412320e-06
2.470000000e-07,3.000000000e+00,1.874763416e+00,1.874854462e+00,-2.238268691e-01,2.976333430e+00,2.976007752e+00,2.976007752e+00,2.975773340e+00,2.975773340e+00,-3.037267489e-05,7.229849630e-06,1.005111759e-05,3.721711558e-06
2.480000000e-07,3.000000000e+00,1.750666905e+00,1.750776227e+00,-1.549112046e-01,2.977395783e+00,2.977058930e+00,2.977058930e+00,2.976814125e+00,2.976814125e+00,-3.658076094e-05,9.181481032e-06,1.049706579e-05,4.017602313e-06
2.490000000e-07,3.000000000e+00,1.625581480e+00,1.625713162e+00,-3.519122556e-02,2.978766527e+00,2.978418004e+00,2.978418003e+00,2.978162344e+00,2.978162344e+00,-4.439587271e-05,1.154259442e-05,1.096250369e-05,4.326384806e-06
2.500000000e-07,3.000000000e+00,1.500000443e+00,1.500141791e+00,1.045380586e-01,2.979795606e+00,2.979458399e+00,2.979458399e+00,2.979213079e+00,2.979213079e+00,-5.520228978e-05,1.263479103e-05,1.050882429e-05,4.029952441e-06
2.510000000e-07,3.000000000e+00,1.374419404e+00,1.374577715e+00,2.835501269e-01,2.980892362e+00,2.980553299e+00,2.980553299e+00,2.980306411e+00,2.980306411e+00,-6.751295658e-05,1.445666687e-05,1.058195414e-05,4.073642573e-06
2.520000000e-07,3.000000000e+00,1.249333776e+00,1.249531498e+00,5.590021409e-01,2.982965445e+00,2.982591567e+00,2.982591566e+00,2.982312588e+00,2.982312587e+00,-7.956733336e-05,1.852294600e-05,1.197252932e-05,4.988490858e-06
2.530000000e-07,3.000000000e+00,1.125237612e+00,1.125481444e+00,9.486188319e-01,2.985040587e+00,2.984664461e+00,2.984664461e+00,2.984383087e+00,2.984383087e+00,-9.229966831e-05,2.325799374e-05,1.206038350e-05,5.054886347e-06
2.540000000e-07,3.000000000e+00,1.002620464e+00,1.002905185e+00,1.440340999e+00,2.959327744e+00,2.959936326e+00,2.959936346e+00,2.960562816e+00,2.960562828e+00,-1.116658673e-04,2.746951126e-05,-2.730324765e-05,-2.085969129e-05
2.550000000e-07,3.000000000e+00,8.819662454e-01,8.822681903e-01,1.975984483e+00,2.851601453e+00,2.855175690e+00,2.855175749e+00,2.858546232e+00,2.858546271e+00,-1.208137626e-04,2.931252170e-05,-1.458246580e-04,-9.915805744e-05
2.560000000e-07,3.000000000e+00,7.637511241e-01,7.640002633e-01,2.381395229e+00,2.644382423e+00,2.651662522e+00,2.651662596e+00,2.658478867e+00,2.658478916e+00,-9.374037619e-05,2.415017292e-05,-2.938556108e-04,-1.974090741e-04
2.570000000e-07,3.000000000e+00,6.484415400e-01,6.486274602e-01,2.631665216e+00,2.368121857e+00,2.378080316e+00,2.378080370e+00,2.387400986e+00,2.387401021e+00,-6.865314815e-05,1.794358217e-05,-4.007164477e-04,-2.686907073e-04
2.580000000e-07,3.000000000e+00,5.364927713e-01,5.366326134e-01,2.770696028e+00,2.052699289e+00,2.064225213e+00,2.064225245e+00,2.075013564e+00,2.075013585e+00,-5.013290284e-05,1.344771535e-05,-4.631011820e-04,-3.103127122e-04
2.590000000e-07,3.000000000e+00,4.283465255e-01,4.284584215e-01,2.844798658e+00,1.725771724e+00,1.737825001e+00,1.737825012e+00,1.749109238e+00,1.749109245e+00,-3.875087357e-05,1.076125111e-05,-4.838689140e-04,-3.241555643e-04
2.600000000e-07,3.000000000e+00,3.244296063e-01,3.245259289e-01,2.885852838e+00,1.417690664e+00,1.429137059e+00,1.429137046e+00,1.439859992e+00,1.439859984e+00,-3.183483230e-05,9.307823471e-06,-4.592849082e-04,-3.078097483e-04
2.610000000e-07,3.000000000e+00,2.251522132e-01,2.252393564e-01,2.910768358e+00,1.143854130e+00,1.154081297e+00,1.154081273e+00,1.163666606e+00,1.163666589e+00,-2.730626807e-05,8.489174356e-06,-4.102407669e-04,-2.750303284e-04
2.620000000e-07,3.000000000e+00,1.309059711e-01,1.309868301e-01,2.927685103e+00,9.099924147e-01,9.187588910e-01,9.187588617e-01,9.269780902e-01,9.269780705e-01,-2.398236097e-05,7.954996470e-06,-3.515778123e-04,-2.357620769e-04
2.630000000e-07,3.000000000e+00,4.206291758e-02,4.213861270e-02,2.940279538e+00,7.159860550e-01,7.232784248e-01,7.232783952e-01,7.301174263e-01,7.301174065e-01,-2.129846017e-05,7.527449177e-06,-2.924180718e-04,-1.961310060e-04
2.640000000e-07,3.000000000e+00,-4.102632429e-02,-4.095548114e-02,2.950174980e+00,5.584973224e-01,5.644293215e-01,5.644292942e-01,5.699937371e-01,5.699937188e-01,-1.901657931e-05,7.125341773e-06,-2.378443933e-04,-1.595540761e-04
2.650000000e-07,3.000000000e+00,-1.180337170e-01,-1.179677444e-01,2.958132053e+00,4.327347235e-01,4.374792310e-01,4.374792072e-01,4.419305049e-01,4.419304889e-01,-1.704169119e-05,6.715290329e-06,-1.902177785e-04,-1.276218644e-04
2.660000000e-07,3.000000000e+00,-1.886556018e-01,-1.885946367e-01,2.964575480e+00,3.335531160e-01,3.372993737e-01,3.372993536e-01,3.408145701e-01,3.408145567e-01,-1.532930925e-05,6.285161556e-06,-1.501876064e-04,-1.007755696e-04
2.670000000e-07,3.000000000e+00,-2.526131344e-01,-2.525573481e-01,2.969801267e+00,2.560749564e-01,2.590041615e-01,2.590041451e-01,2.617529901e-01,2.617529791e-01,-1.384736499e-05,5.831239711e-06,-1.174272053e-04,-7.880018140e-05
2.680000000e-07,3.000000000e+00,-3.096537390e-01,-3.096033074e-01,2.974047210e+00,1.959884048e-01,1.982617158e-01,1.982617026e-01,2.003952148e-01,2.003952060e-01,-1.256458712e-05,5.352805683e-06,-9.113070065e-05,-6.115788517e-05
2.690000000e-07,3.000000000e+00,-3.595526516e-01,-3.595077464e-01,2.977512889e+00,1.496462574e-01,1.514005201e-01,1.514005097e-01,1.530469977e-01,1.530469907e-01,-1.144932968e-05,4.850073058e-06,-7.032190577e-05,-4.719556193e-05
2.700000000e-07,3.000000000e+00,-4.021125361e-01,-4.020733217e-01,2.980364660e+00,1.140551566e-01,1.154030144e-01,1.154030063e-01,1.166681195e-01,1.166681141e-01,-1.047132580e-05,4.323550907e-06,-5.402971474e-05,-3.626276086e-05
2.710000000e-07,3.000000000e+00,-4.371659133e-01,-4.371325448e-01,2.982738217e+00,8.680862706e-02,8.784080004e-02,8.784079372e-02,8.880963868e-02,8.880963444e-02,-9.603445357e-06,3.774019622e-06,-4.137476018e-05,-2.777009436e-05
2.720000000e-07,3.000000000e+00,-4.645741817e-01,-4.645468030e-01,2.984741892e+00,6.600153822e-02,6.678996014e-02,6.678995525e-02,6.753002594e-02,6.753002266e-02,-8.822584743e-06,3.202442484e-06,-3.160366675e-05,-2.121240674e-05
2.730000000e-07,3.000000000e+00,-4.842289858e-01,-4.842077270e-01,2.986460633e+00,5.014211778e-02,5.074318257e-02,5.074317882e-02,5.130739515e-02,5.130739263e-02,-8.109926524e-06,2.610108497e-06,-2.409333485e-05,-1.617177397e-05
2.740000000e-07,3.000000000e+00,-4.960532061e-01,-4.960381811e-01,2.987960322e+00,3.807125725e-02,3.852880278e-02,3.852879990e-02,3.895830307e-02,3.895830114e-02,-7.450611043e-06,1.998550096e-06,-1.834034981e-05,-1.231047727e-05
2.750000000e-07,3.000000000e+00,-4.999998478e-01,-4.999911526e-01,2.989291662e+00,2.889437972e-02,2.924227485e-02,2.924227266e-02,2.956885033e-02,2.956884886e-02,-6.833242551e-06,1.369521108e-06,-1.394504767e-05,-9.360359652e-06
2.760000000e-07,3.000000000e+00,-4.960537336e-01,-4.960514438e-01,2.990493556e+00,2.192377659e-02,2.218806485e-02,2.218806318e-02,2.243615984e-02,2.243615872e-02,-6.249335304e-06,7.250301555e-07,-1.059371844e-05,-7.110912346e-06
2.770000000e-07,3.000000000e+00,-4.842298586e-01,-4.842340293e-01,2.991596025e+00,1.663222831e-02,1.683285993e-02,1.683285865e-02,1.702120037e-02,1.702119951e-02,-5.692667532e-06,6.715920021e-08,-8.042097318e-06,-5.398213088e-06
2.780000000e-07,3.000000000e+00,-4.645752594e-01,-4.645859220e-01,2.992622053e+00,1.261760144e-02,1.276982495e-02,1.276982398e-02,1.291272406e-02,1.291272341e-02,-5.158994174e-06,-6.016810478e-07,-6.101710254e-06,-4.095772205e-06
2.790000000e-07,3.000000000e+00,-4.371669036e-01,-4.371840665e-01,2.993589654e+00,9.573002084e-03,9.688445930e-03,9.688445193e-03,9.796819133e-03,9.796818638e-03,-4.645412670e-06,-1.279125924e-06,-4.627442311e-06,-3.106195094e-06
2.800000000e-07,3.000000000e+00,-4.021137761e-01,-4.021374231e-01,2.994512927e+00,7.264898659e-03,7.352418151e-03,7.352417591e-03,7.434577922e-03,7.434577546e-03,-4.150199031e-06,-1.962595019e-06,-3.508132086e-06,-2.354872603e-06
2.810000000e-07,3.000000000e+00,-3.595534683e-01,-3.595835597e-01,2.995403280e+00,5.515619327e-03,5.581948933e-03,5.581948508e-03,5.644217006e-03,5.644216721e-03,-3.672384762e-06,-2.649590184e-06,-2.658766166e-06,-1.784744165e-06
2.820000000e-07,3.000000000e+00,-3.096546870e-01,-3.096911578e-01,2.996269947e+00,4.190213469e-03,4.240470481e-03,4.240470159e-03,4.287650577e-03,4.287650361e-03,-3.211714991e-06,-3.337418935e-06,-2.014520975e-06,-1.352299595e-06
2.830000000e-07,3.000000000e+00,-2.526140255e-01,-2.526567865e-01,2.997120771e+00,3.186205415e-03,3.224275133e-03,3.224274888e-03,3.260014502e-03,3.260014338e-03,-2.768334621e-06,-4.023492089e-06,-1.526013004e-06,-1.024391833e-06
2.840000000e-07,3.000000000e+00,-1.886565971e-01,-1.887055349e-01,2.997962506e+00,2.425838532e-03,2.454669208e-03,2.454669023e-03,2.481735485e-03,2.481735361e-03,-2.342776755e-06,-4.705121422e-06,-1.155681686e-06,-7.758092300e-07
2.850000000e-07,3.000000000e+00,-1.180348126e-01,-1.180897894e-01,2.998801231e+00,1.850141157e-03,1.871968885e-03,1.871968745e-03,1.892461190e-03,1.892461095e-03,-1.935812354e-06,-5.379645304e-06,-8.749810808e-07,-5.873908830e-07
2.860000000e-07,3.000000000e+00,-4.102697962e-02,-4.108783411e-02,2.999642644e+00,1.414404008e-03,1.430924027e-03,1.430923921e-03,1.446433762e-03,1.446433690e-03,-1.548382962e-06,-6.044421145e-06,-6.622316758e-07,-4.445847521e-07
2.870000000e-07,3.000000000e+00,4.206221207e-02,4.199594369e-02,3.001190134e+00,1.097366704e-03,1.109416553e-03,1.109416463e-03,1.120737481e-03,1.120737421e-03,-1.307364580e-06,-6.668900091e-06,-4.831033829e-07,-3.245783934e-07
2.880000000e-07,3.000000000e+00,1.309052181e-01,1.308339207e-01,3.003894417e+00,8.776854153e-04,8.860585529e-04,8.860584792e-04,8.939340951e-04,8.939340458e-04,-1.169143933e-06,-7.260648214e-06,-3.358115619e-07,-2.259115310e-07
2.890000000e-07,3.000000000e+00,2.251514158e-01,2.250752837e-01,3.007674830e+00,7.297786076e-04,7.354180045e-04,7.354179498e-04,7.407283503e-04,7.407283136e-04,-1.039552725e-06,-7.838364105e-06,-2.263112939e-07,-1.524664590e-07
2.900000000e-07,3.000000000e+00,3.244288585e-01,3.243481056e-01,3.012448238e+00,6.347177119e-04,6.383414006e-04,6.383413602e-04,6.417603510e-04,6.417603240e-04,-9.190628339e-07,-8.399713818e-06,-1.455858886e-07,-9.832721229e-08
2.910000000e-07,3.000000000e+00,4.283457433e-01,4.282606025e-01,3.018128870e+00,5.781216856e-04,5.802755283e-04,5.802754988e-04,5.823153343e-04,5.823153146e-04,-8.081240627e-07,-8.942430526e-06,-8.673398033e-08,-5.886332905e-08
2.920000000e-07,3.000000000e+00,5.364919579e-01,5.364026796e-01,3.024628425e+00,5.490454853e-04,5.501450552e-04,5.501450341e-04,5.511956524e-04,5.511956383e-04,-7.071532982e-07,-9.464330487e-06,-4.453293999e-08,-3.056886204e-08
2.930000000e-07,3.000000000e+00,6.484406986e-01,6.483475498e-01,3.031856236e+00,5.391508896e-04,5.395129334e-04,5.395129187e-04,5.398714805e-04,5.398714706e-04,-6.165316643e-07,-9.963319269e-06,-1.502126580e-08,-1.078449583e-08
2.940000000e-07,3.000000000e+00,7.637501548e-01,7.636534183e-01,3.039719496e+00,5.420827105e-04,5.419488142e-04,5.419488043e-04,5.418419126e-04,5.418419060e-04,-5.366021411e-07,-1.043739826e-05,4.813904010e-09,2.512204605e-09
2.950000000e-07,3.000000000e+00,8.819652528e-01,8.818648280e-01,3.047128474e+00,5.350440163e-04,5.352349012e-04,5.352349077e-04,5.354221201e-04,5.354221243e-04,-4.875764507e-07,-1.092444092e-05,-8.170630407e-09,-5.884346963e-09
2.960000000e-07,3.000000000e+00,1.002619452e+00,1.002512047e+00,3.044975353e+00,3.571079026e-04,3.633758404e-04,3.633759618e-04,3.691689787e-04,3.691690587e-04,-6.301019202e-07,-1.174309261e-05,-2.510808872e-07,-1.658839377e-07
2.970000000e-07,3.000000000e+00,1.125236584e+00,1.125118078e+00,3.022051342e+00,-1.947173482e-04,-1.748332567e-04,-1.748329847e-04,-1.564261708e-04,-1.564259908e-04,-1.006344382e-06,-1.297586004e-05,-7.951888260e-07,-5.257525422e-07
2.980000000e-07,3.000000000e+00,1.249332737e+00,1.249204061e+00,2.979767040e+00,-1.198517414e-03,-1.161783847e-03,-1.161783510e-03,-1.127709537e-03,-1.127709313e-03,-3.943696548e-06,-1.411685639e-05,-1.468180886e-06,-9.724144038e-07
2.990000000e-07,3.000000000e+00,1.374418158e+00,1.374281480e+00,2.922583807e+00,-2.539559197e-03,-2.489814947e-03,-2.489814688e-03,-2.443587681e-03,-2.443587508e-03,-1.000555214e-05,-1.504229694e-05,-1.987280171e-06,-1.318328014e-06
3.000000000e-07,3.000000000e+00,1.499999557e+00,1.499850462e+00,2.838482433e+00,-4.515508304e-03,-4.442387362e-03,-4.442386895e-03,-4.374498639e-03,-4.374498330e-03,-1.618384324e-05,-1.640946697e-05,-2.920395296e-06,-1.935289964e-06
