time,V(103),V(101),V(102),V(107),V(104),V(115),V(116),V(117),V(118),I(VDD),I(Vin),I(L1),I(L2)
0.000000000e+00,2.999999999e+00,1.500000000e+00,1.499985000e+00,2.439025714e+00,6.010198333e-14,6.009597395e-14,6.009597395e-14,6.009176752e-14,6.009176752e-14,-3.781468590e-05,-2.999984999e-06,1.802795090e-19,6.009176752e-20
1.000000000e-09,3.000000000e+00,1.625581039e+00,1.625580877e+00,-4.742660746e+00,-1.857324219e+01,-1.791650348e+01,-1.791649034e+01,-1.731060728e+01,-1.731059862e+01,2.812692714e-02,-3.251161915e-08,-2.626936917e-02,-1.731077173e-02
2.000000000e-09,3.000000000e+00,1.750666467e+00,1.750666292e+00,7.571157063e+00,-7.747380868e+01,-7.535376241e+01,-7.535373314e+01,-7.339087285e+01,-7.339085346e+01,9.069248512e-02,-3.501332757e-08,-8.480109759e-02,-5.608098875e-02
3.000000000e-09,3.000000000e+00,1.874762629e+00,1.874762442e+00,7.414661327e+00,-2.184254497e+02,-2.133207100e+02,-2.133206503e+02,-2.085885851e+02,-2.085885455e+02,2.182867414e-01,-3.749525068e-08,-2.041874556e-01,-1.351997780e-01
4.000000000e-09,3.000000000e+00,1.997379774e+00,1.997379574e+00,3.177049826e-02,-2.059561390e+02,-2.061060760e+02,-2.061061811e+02,-2.061899840e+02,-2.061900528e+02,-7.247093946e-03,-3.994759345e-08,5.999542128e-03,2.396430595e-03
5.000000000e-09,3.000000000e+00,2.118033977e+00,2.118033765e+00,7.791825142e-03,-2.013532834e+02,-2.015231019e+02,-2.015231023e+02,-2.016807855e+02,-2.016807865e+02,-7.252331422e-03,-4.236067740e-08,6.794757463e-03,4.507249740e-03
6.000000000e-09,3.000000000e+00,2.236249105e+00,2.236248881e+00,7.736885465e-05,-1.968776440e+02,-1.970453878e+02,-1.970453878e+02,-1.972020070e+02,-1.972020070e+02,-7.155390965e-03,-4.472497985e-08,6.711722283e-03,4.476807492e-03
7.000000000e-09,3.000000000e+00,2.351558572e+00,2.351558337e+00,-3.040498914e-09,-1.924934459e+02,-1.926578624e+02,-1.926578624e+02,-1.928113987e+02,-1.928113987e+02,-7.013187253e-03,-4.703116907e-08,6.578588907e-03,4.388680672e-03
8.000000000e-09,3.000000000e+00,2.463507337e+00,2.463507091e+00,-1.163014449e-14,-1.881967196e+02,-1.883578579e+02,-1.883578578e+02,-1.885083332e+02,-1.885083331e+02,-6.873351813e-03,-4.927014425e-08,6.447414690e-03,4.301180869e-03
9.000000000e-09,3.000000000e+00,2.571653579e+00,2.571653322e+00,1.333025849e-16,-1.839856803e+02,-1.841436056e+02,-1.841436055e+02,-1.842910804e+02,-1.842910803e+02,-6.736305042e-03,-5.143306898e-08,6.318852360e-03,4.215410332e-03
1.000000000e-08,3.000000000e+00,2.675570494e+00,2.675570227e+00,-1.835525511e-17,-1.798586187e+02,-1.800133950e+02,-1.800133950e+02,-1.801579292e+02,-1.801579291e+02,-6.601991295e-03,-5.351140721e-08,6.192853813e-03,4.131350045e-03
1.100000000e-08,3.000000000e+00,2.774847970e+00,2.774847692e+00,-2.002107153e-16,-1.758138601e+02,-1.759655503e+02,-1.759655502e+02,-1.761072024e+02,-1.761072023e+02,-6.470356071e-03,-5.549695661e-08,6.069367962e-03,4.048966109e-03
1.200000000e-08,3.000000000e+00,2.869094203e+00,2.869093916e+00,-8.468262418e-17,-1.718497631e+02,-1.719984287e+02,-1.719984287e+02,-1.721372563e+02,-1.721372563e+02,-6.341345951e-03,-5.738188117e-08,5.948344700e-03,3.968225096e-03
1.300000000e-08,3.000000000e+00,2.957937246e+00,2.957936950e+00,-3.147919144e-16,-1.679647193e+02,-1.681104206e+02,-1.681104206e+02,-1.682464800e+02,-1.682464799e+02,-6.214908588e-03,-5.915874190e-08,5.829734917e-03,3.889094242e-03
1.400000000e-08,3.000000000e+00,3.041026477e+00,3.041026173e+00,-9.527017578e-18,-1.641571521e+02,-1.642999483e+02,-1.642999482e+02,-1.644332946e+02,-1.644332946e+02,-6.090992672e-03,-6.082052645e-08,5.713490483e-03,3.811541437e-03
1.500000000e-08,3.000000000e+00,3.118033981e+00,3.118033669e+00,2.099861963e-16,-1.604255164e+02,-1.605654654e+02,-1.605654653e+02,-1.606961528e+02,-1.606961528e+02,-5.969547922e-03,-6.236067647e-08,5.599564228e-03,3.735535212e-03
1.600000000e-08,3.000000000e+00,3.188655844e+00,3.188655525e+00,-1.805077094e-16,-1.567682980e+02,-1.569054566e+02,-1.569054565e+02,-1.570335381e+02,-1.570335381e+02,-5.850525056e-03,-6.377311365e-08,5.487909921e-03,3.661044724e-03
1.700000000e-08,3.000000000e+00,3.252613354e+00,3.252613029e+00,-4.755792460e-17,-1.531840129e+02,-1.533184366e+02,-1.533184366e+02,-1.534439643e+02,-1.534439642e+02,-5.733875777e-03,-6.505226378e-08,5.378482255e-03,3.588039745e-03
1.800000000e-08,3.000000000e+00,3.309654099e+00,3.309653768e+00,5.057307119e-17,-1.496712066e+02,-1.498029501e+02,-1.498029500e+02,-1.499259747e+02,-1.499259747e+02,-5.619552750e-03,-6.619307863e-08,5.271236825e-03,3.516490652e-03
1.900000000e-08,3.000000000e+00,3.359552967e+00,3.359552631e+00,1.458177038e-16,-1.462284536e+02,-1.463575703e+02,-1.463575702e+02,-1.464781419e+02,-1.464781418e+02,-5.507509584e-03,-6.719105595e-08,5.166130113e-03,3.446368410e-03
2.000000000e-08,3.000000000e+00,3.402113028e+00,3.402112688e+00,3.852193644e-18,-1.428543570e+02,-1.429808992e+02,-1.429808992e+02,-1.430990666e+02,-1.430990666e+02,-5.397700814e-03,-6.804225713e-08,5.063119468e-03,3.377644566e-03
2.100000000e-08,3.000000000e+00,3.437166319e+00,3.437165975e+00,1.934800330e-16,-1.395475475e+02,-1.396715666e+02,-1.396715666e+02,-1.397873779e+02,-1.397873778e+02,-5.290081880e-03,-6.874332291e-08,4.962163090e-03,3.310291231e-03
2.200000000e-08,3.000000000e+00,3.464574499e+00,3.464574152e+00,-3.484416251e-17,-1.363066833e+02,-1.364282297e+02,-1.364282296e+02,-1.365417317e+02,-1.365417317e+02,-5.184609113e-03,-6.929148650e-08,4.863220011e-03,3.244281075e-03
2.300000000e-08,3.000000000e+00,3.484229401e+00,3.484229052e+00,-5.958823550e-17,-1.331304493e+02,-1.332495723e+02,-1.332495722e+02,-1.333608111e+02,-1.333608111e+02,-5.081239712e-03,-6.968458451e-08,4.766250083e-03,3.179587311e-03
2.400000000e-08,3.000000000e+00,3.496053456e+00,3.496053106e+00,-3.369483804e-16,-1.300175567e+02,-1.301343045e+02,-1.301343044e+02,-1.302433253e+02,-1.302433253e+02,-4.979931733e-03,-6.992106564e-08,4.671213955e-03,3.116183688e-03
2.500000000e-08,3.000000000e+00,3.499999999e+00,3.499999649e+00,1.985530541e-17,-1.269667424e+02,-1.270811625e+02,-1.270811624e+02,-1.271880095e+02,-1.271880094e+02,-4.880644073e-03,-6.999999645e-08,4.578073071e-03,3.054044483e-03
2.600000000e-08,3.000000000e+00,3.496053458e+00,3.496053108e+00,-1.502491315e-16,-1.239767683e+02,-1.240889071e+02,-1.240889070e+02,-1.241936236e+02,-1.241936236e+02,-4.783336434e-03,-6.992106567e-08,4.486789629e-03,2.993144475e-03
2.700000000e-08,3.000000000e+00,3.484229405e+00,3.484229056e+00,-1.008513800e-16,-1.210464211e+02,-1.211563240e+02,-1.211563240e+02,-1.212589526e+02,-1.212589526e+02,-4.687969331e-03,-6.968458464e-08,4.397326585e-03,2.933458951e-03
2.800000000e-08,3.000000000e+00,3.464574505e+00,3.464574158e+00,3.198960175e-16,-1.181745117e+02,-1.182822233e+02,-1.182822233e+02,-1.183828056e+02,-1.183828056e+02,-4.594504065e-03,-6.929148662e-08,4.309647638e-03,2.874963692e-03
2.900000000e-08,3.000000000e+00,3.437166327e+00,3.437165983e+00,2.032976502e-16,-1.153598747e+02,-1.154654388e+02,-1.154654387e+02,-1.155640155e+02,-1.155640155e+02,-4.502902708e-03,-6.874332308e-08,4.223717209e-03,2.817634962e-03
3.000000000e-08,3.000000000e+00,3.402113039e+00,3.402112699e+00,-1.282105119e-16,-1.126013679e+02,-1.127048273e+02,-1.127048272e+02,-1.128014385e+02,-1.128014385e+02,-4.413128091e-03,-6.804225734e-08,4.139500427e-03,2.761449496e-03
3.100000000e-08,3.000000000e+00,3.359552979e+00,3.359552643e+00,-3.684419073e-17,-1.098978721e+02,-1.099992687e+02,-1.099992686e+02,-1.100939535e+02,-1.100939535e+02,-4.325143783e-03,-6.719105620e-08,4.056963120e-03,2.706384497e-03
3.200000000e-08,3.000000000e+00,3.309654114e+00,3.309653783e+00,-3.166240276e-16,-1.072482901e+02,-1.073476650e+02,-1.073476650e+02,-1.074404620e+02,-1.074404620e+02,-4.238914083e-03,-6.619307892e-08,3.976071794e-03,2.652417619e-03
3.300000000e-08,3.000000000e+00,3.252613370e+00,3.252613045e+00,-3.762104818e-18,-1.046515467e+02,-1.047489404e+02,-1.047489404e+02,-1.048398871e+02,-1.048398871e+02,-4.154403999e-03,-6.505226411e-08,3.896793624e-03,2.599526963e-03
3.400000000e-08,3.000000000e+00,3.188655862e+00,3.188655543e+00,-1.184505167e-16,-1.021065884e+02,-1.022020402e+02,-1.022020402e+02,-1.022911736e+02,-1.022911736e+02,-4.071579238e-03,-6.377311402e-08,3.819096442e-03,2.547691067e-03
3.500000000e-08,3.000000000e+00,3.118034001e+00,3.118033689e+00,-8.984825259e-17,-9.961238228e+01,-9.970593107e+01,-9.970593103e+01,-9.979328722e+01,-9.979328719e+01,-3.990406191e-03,-6.236067687e-08,3.742948718e-03,2.496888897e-03
3.600000000e-08,3.000000000e+00,3.041026499e+00,3.041026195e+00,-1.103310092e-17,-9.716791631e+01,-9.725959999e+01,-9.725959995e+01,-9.734521437e+01,-9.734521435e+01,-3.910851919e-03,-6.082052689e-08,3.668319553e-03,2.447099837e-03
3.700000000e-08,3.000000000e+00,2.957937270e+00,2.957936974e+00,2.696954634e-16,-9.477219855e+01,-9.486205430e+01,-9.486205426e+01,-9.494596166e+01,-9.494596164e+01,-3.832884140e-03,-5.915874237e-08,3.595178663e-03,2.398303684e-03
3.800000000e-08,3.000000000e+00,2.869094228e+00,2.869093941e+00,4.397924310e-17,-9.242425684e+01,-9.251232113e+01,-9.251232109e+01,-9.259455550e+01,-9.259455548e+01,-3.756471216e-03,-5.738188167e-08,3.523496369e-03,2.350480638e-03
3.900000000e-08,3.000000000e+00,2.774847996e+00,2.774847719e+00,-2.334121142e-16,-9.012313843e+01,-9.020944697e+01,-9.020944694e+01,-9.029004173e+01,-9.029004171e+01,-3.681582139e-03,-5.549695714e-08,3.453243582e-03,2.303611291e-03
4.000000000e-08,3.000000000e+00,2.675570522e+00,2.675570255e+00,8.101134377e-17,-8.786790955e+01,-8.795249736e+01,-8.795249733e+01,-8.803148520e+01,-8.803148517e+01,-3.608186521e-03,-5.351140777e-08,3.384391796e-03,2.257676626e-03
4.100000000e-08,3.000000000e+00,2.571653608e+00,2.571653351e+00,-4.656179775e-17,-8.565765506e+01,-8.574055645e+01,-8.574055642e+01,-8.581796941e+01,-8.581796939e+01,-3.536254578e-03,-5.143306956e-08,3.316913071e-03,2.212658003e-03
4.200000000e-08,3.000000000e+00,2.463507367e+00,2.463507121e+00,-9.869955168e-17,-8.349147807e+01,-8.357272668e+01,-8.357272664e+01,-8.364859617e+01,-8.364859615e+01,-3.465757121e-03,-4.927014485e-08,3.250780025e-03,2.168537153e-03
4.300000000e-08,3.000000000e+00,2.351558603e+00,2.351558368e+00,9.448343310e-18,-8.136849957e+01,-8.144812835e+01,-8.144812832e+01,-8.152248515e+01,-8.152248513e+01,-3.396665544e-03,-4.703116969e-08,3.185965822e-03,2.125296174e-03
4.400000000e-08,3.000000000e+00,2.236249126e+00,2.236248902e+00,7.731516937e-05,-7.928800598e+01,-7.936604201e+01,-7.936604198e+01,-7.943891146e+01,-7.943891144e+01,-3.328741827e-03,-4.472498024e-08,3.122234991e-03,2.082779680e-03
4.500000000e-08,3.000000000e+00,2.118034010e+00,2.118033798e+00,7.791820763e-03,-7.726343069e+01,-7.733940048e+01,-7.733940044e+01,-7.741034606e+01,-7.741034603e+01,-3.241793708e-03,-4.236067805e-08,3.039565135e-03,2.027791679e-03
4.600000000e-08,3.000000000e+00,1.997379796e+00,1.997379596e+00,3.177049051e-02,-7.532188232e+01,-7.539480036e+01,-7.539480030e+01,-7.546290782e+01,-7.546290778e+01,-3.114864746e-03,-3.994759388e-08,2.917475652e-03,1.946683977e-03
4.700000000e-08,3.000000000e+00,1.874762651e+00,1.874762463e+00,7.997079964e-02,-7.350048937e+01,-7.356898659e+01,-7.356898650e+01,-7.363298236e+01,-7.363298230e+01,-2.931696368e-03,-3.749525112e-08,2.740624547e-03,1.829189496e-03
4.800000000e-08,3.000000000e+00,1.750666507e+00,1.750666332e+00,1.687334214e-01,-7.185729191e+01,-7.191923786e+01,-7.191923773e+01,-7.197714178e+01,-7.197714170e+01,-2.659766868e-03,-3.501332837e-08,2.478557143e-03,1.655121425e-03
4.900000000e-08,3.000000000e+00,1.625581079e+00,1.625580917e+00,3.494704075e-01,-7.051464947e+01,-7.056559593e+01,-7.056559571e+01,-7.061328142e+01,-7.061328127e+01,-2.199834524e-03,-3.251161993e-08,2.038564312e-03,1.363154828e-03
5.000000000e-08,3.000000000e+00,1.500000007e+00,1.499999857e+00,2.512400154e+00,-7.058934762e+01,-7.058955200e+01,-7.058955098e+01,-7.059030574e+01,-7.059030507e+01,-3.253747048e-05,-2.999999862e-08,8.880974526e-06,2.227037202e-05
5.100000000e-08,3.000000000e+00,1.374419767e+00,1.374419629e+00,2.781867422e+00,-7.058776738e+01,-7.058778108e+01,-7.058778107e+01,-7.058781869e+01,-7.058781868e+01,-2.176189175e-05,-2.748839394e-08,1.253779315e-06,1.780657496e-06
5.200000000e-08,3.000000000e+00,1.249334335e+00,1.249334210e+00,2.894129091e+00,-7.058556909e+01,-7.058558124e+01,-7.058558124e+01,-7.058560917e+01,-7.058560917e+01,-1.299878410e-05,-2.498668545e-08,1.191881824e-06,1.503673177e-06
5.300000000e-08,3.000000000e+00,1.125238167e+00,1.125238054e+00,2.954504509e+00,-7.058336348e+01,-7.058337561e+01,-7.058337561e+01,-7.058340340e+01,-7.058340340e+01,-6.490814034e-06,-2.250476220e-08,1.191104182e-06,1.499946500e-06
5.400000000e-08,3.000000000e+00,1.002621012e+00,1.002620912e+00,2.986017701e+00,-7.058115783e+01,-7.058116996e+01,-7.058116996e+01,-7.058119775e+01,-7.058119775e+01,-2.261437209e-06,-2.005241924e-08,1.191057313e-06,1.499850859e-06
5.500000000e-08,3.000000000e+00,8.819667854e-01,8.819666972e-01,2.998694011e+00,-7.057895225e+01,-7.057896438e+01,-7.057896438e+01,-7.057899217e+01,-7.057899217e+01,-2.596168498e-07,-1.763933482e-08,1.191019966e-06,1.499803344e-06
5.600000000e-08,3.000000000e+00,7.637509010e-01,7.637508246e-01,2.999842921e+00,-7.057674707e+01,-7.057675918e+01,-7.057675918e+01,-7.057678696e+01,-7.057678696e+01,-5.948923587e-08,-1.527501725e-08,1.190507201e-06,1.499443098e-06
5.700000000e-08,3.000000000e+00,6.484421567e-01,6.484420918e-01,2.999854310e+00,-7.057454161e+01,-7.057455374e+01,-7.057455374e+01,-7.057458153e+01,-7.057458153e+01,-5.999853875e-08,-1.296884247e-08,1.190943747e-06,1.499704817e-06
5.800000000e-08,3.000000000e+00,5.364933700e-01,5.364933164e-01,2.999863829e+00,-7.057233624e+01,-7.057234837e+01,-7.057234837e+01,-7.057237615e+01,-7.057237615e+01,-5.999863720e-08,-1.072986685e-08,1.190908305e-06,1.499662681e-06
5.900000000e-08,3.000000000e+00,4.283471039e-01,4.283470611e-01,2.999871913e+00,-7.057013093e+01,-7.057014306e+01,-7.057014306e+01,-7.057017085e+01,-7.057017085e+01,-5.999871805e-08,-8.566941641e-09,1.190871105e-06,1.499615882e-06
6.000000000e-08,3.000000000e+00,3.244301621e-01,3.244301297e-01,2.999878826e+00,-7.056792570e+01,-7.056793783e+01,-7.056793783e+01,-7.056796562e+01,-7.056796562e+01,-5.999878717e-08,-6.488602917e-09,1.190833892e-06,1.499569022e-06
6.100000000e-08,3.000000000e+00,2.251526575e-01,2.251526349e-01,2.999884767e+00,-7.056572054e+01,-7.056573267e+01,-7.056573267e+01,-7.056576045e+01,-7.056576045e+01,-5.999884659e-08,-4.503052919e-09,1.190796680e-06,1.499522162e-06
6.200000000e-08,3.000000000e+00,1.309063928e-01,1.309063797e-01,2.999889892e+00,-7.056351544e+01,-7.056352757e+01,-7.056352757e+01,-7.056355535e+01,-7.056355535e+01,-5.999889784e-08,-2.618127724e-09,1.190759469e-06,1.499475304e-06
6.300000000e-08,3.000000000e+00,4.206331516e-02,4.206331096e-02,2.999894322e+00,-7.056131041e+01,-7.056132254e+01,-7.056132254e+01,-7.056135033e+01,-7.056135033e+01,-5.999894214e-08,-8.412662611e-10,1.190722259e-06,1.499428447e-06
6.400000000e-08,3.000000000e+00,-4.102595246e-02,-4.102594836e-02,2.999898155e+00,-7.055910546e+01,-7.055911758e+01,-7.055911758e+01,-7.055914537e+01,-7.055914537e+01,-5.999898047e-08,8.205190076e-10,1.190685050e-06,1.499381591e-06
6.500000000e-08,3.000000000e+00,-1.180334947e-01,-1.180334829e-01,2.999901467e+00,-7.055690057e+01,-7.055691270e+01,-7.055691270e+01,-7.055694048e+01,-7.055694048e+01,-5.999901359e-08,2.360669774e-09,1.190647843e-06,1.499334737e-06
6.600000000e-08,3.000000000e+00,-1.886550272e-01,-1.886550083e-01,2.999904320e+00,-7.055469576e+01,-7.055470789e+01,-7.055470789e+01,-7.055473567e+01,-7.055473567e+01,-5.999904134e-08,3.773100349e-09,1.190610636e-06,1.499287885e-06
6.700000000e-08,3.000000000e+00,-2.526126140e-01,-2.526125887e-01,2.999906766e+00,-7.055249102e+01,-7.055250315e+01,-7.055250315e+01,-7.055253093e+01,-7.055253093e+01,-5.999906579e-08,5.052252027e-09,1.190573431e-06,1.499241034e-06
6.800000000e-08,3.000000000e+00,-3.096534395e-01,-3.096534086e-01,2.999908843e+00,-7.055028635e+01,-7.055029848e+01,-7.055029848e+01,-7.055032626e+01,-7.055032626e+01,-5.999908656e-08,6.193068479e-09,1.190536227e-06,1.499194185e-06
6.900000000e-08,3.000000000e+00,-3.595523897e-01,-3.595523537e-01,2.999910586e+00,-7.054808175e+01,-7.054809387e+01,-7.054809387e+01,-7.054812165e+01,-7.054812165e+01,-5.999910399e-08,7.191047433e-09,1.190499024e-06,1.499147337e-06
7.000000000e-08,3.000000000e+00,-4.021125361e-01,-4.021124959e-01,2.999912021e+00,-7.054587722e+01,-7.054588934e+01,-7.054588934e+01,-7.054591712e+01,-7.054591712e+01,-5.999911834e-08,8.042250317e-09,1.190461823e-06,1.499100490e-06
7.100000000e-08,3.000000000e+00,-4.371655788e-01,-4.371655351e-01,2.999913169e+00,-7.054367277e+01,-7.054368490e+01,-7.054368490e+01,-7.054371267e+01,-7.054371267e+01,-5.999912847e-08,8.743311131e-09,1.190424622e-06,1.499053645e-06
7.200000000e-08,3.000000000e+00,-4.645739201e-01,-4.645738737e-01,2.999914046e+00,-7.054146840e+01,-7.054148052e+01,-7.054148052e+01,-7.054150830e+01,-7.054150830e+01,-5.999913724e-08,9.291477937e-09,1.190387423e-06,1.499006802e-06
7.300000000e-08,3.000000000e+00,-4.842286447e-01,-4.842285962e-01,2.999914664e+00,-7.053926413e+01,-7.053927626e+01,-7.053927626e+01,-7.053930403e+01,-7.053930403e+01,-5.999914111e-08,9.684572403e-09,1.190350224e-06,1.498959960e-06
7.400000000e-08,3.000000000e+00,-4.960530009e-01,-4.960529513e-01,2.999915031e+00,-7.053705993e+01,-7.053707206e+01,-7.053707206e+01,-7.053709983e+01,-7.053709983e+01,-5.999914478e-08,9.921059513e-09,1.190313028e-06,1.498913121e-06
7.500000000e-08,3.000000000e+00,-4.999994968e-01,-4.999994468e-01,2.999915153e+00,-7.053485600e+01,-7.053486813e+01,-7.053486813e+01,-7.053489590e+01,-7.053489590e+01,-5.999913540e-08,9.999989432e-09,1.190275826e-06,1.498866281e-06
7.600000000e-08,3.000000000e+00,-4.960539599e-01,-4.960539103e-01,2.999915031e+00,-7.053265214e+01,-7.053266426e+01,-7.053266426e+01,-7.053269203e+01,-7.053269203e+01,-5.999913418e-08,9.921078694e-09,1.190238636e-06,1.498819448e-06
7.700000000e-08,3.000000000e+00,-4.842298586e-01,-4.842298102e-01,2.999914664e+00,-7.053044815e+01,-7.053046027e+01,-7.053046027e+01,-7.053048804e+01,-7.053048804e+01,-5.999914111e-08,9.684596682e-09,1.190201454e-06,1.498772620e-06
7.800000000e-08,3.000000000e+00,-4.645752594e-01,-4.645752130e-01,2.999914046e+00,-7.052824422e+01,-7.052825635e+01,-7.052825635e+01,-7.052828412e+01,-7.052828412e+01,-5.999913493e-08,9.291504716e-09,1.190164263e-06,1.498725787e-06
7.900000000e-08,3.000000000e+00,-4.371669036e-01,-4.371668599e-01,2.999913169e+00,-7.052604033e+01,-7.052605245e+01,-7.052605245e+01,-7.052608022e+01,-7.052608022e+01,-5.999912847e-08,8.743337627e-09,1.190127074e-06,1.498678956e-06
8.000000000e-08,3.000000000e+00,-4.021137761e-01,-4.021137359e-01,2.999912021e+00,-7.052383651e+01,-7.052384863e+01,-7.052384863e+01,-7.052387640e+01,-7.052387640e+01,-5.999911699e-08,8.042275116e-09,1.190089885e-06,1.498632125e-06
8.100000000e-08,3.000000000e+00,-3.595534683e-01,-3.595534323e-01,2.999910586e+00,-7.052163273e+01,-7.052164486e+01,-7.052164486e+01,-7.052167262e+01,-7.052167262e+01,-5.999910400e-08,7.191069004e-09,1.190052697e-06,1.498585295e-06
8.200000000e-08,3.000000000e+00,-3.096546870e-01,-3.096546561e-01,2.999908843e+00,-7.051942903e+01,-7.051944115e+01,-7.051944115e+01,-7.051946892e+01,-7.051946892e+01,-5.999908657e-08,6.193093429e-09,1.190015509e-06,1.498538466e-06
8.300000000e-08,3.000000000e+00,-2.526140255e-01,-2.526140002e-01,2.999906766e+00,-7.051722539e+01,-7.051723751e+01,-7.051723751e+01,-7.051726528e+01,-7.051726528e+01,-5.999906579e-08,5.052280256e-09,1.189978323e-06,1.498491639e-06
8.400000000e-08,3.000000000e+00,-1.886565971e-01,-1.886565782e-01,2.999904321e+00,-7.051502182e+01,-7.051503394e+01,-7.051503394e+01,-7.051506171e+01,-7.051506171e+01,-5.999904134e-08,3.773131751e-09,1.189941138e-06,1.498444813e-06
8.500000000e-08,3.000000000e+00,-1.180348126e-01,-1.180348008e-01,2.999901467e+00,-7.051281832e+01,-7.051283044e+01,-7.051283044e+01,-7.051285821e+01,-7.051285821e+01,-5.999901280e-08,2.360696132e-09,1.189903954e-06,1.498397989e-06
8.600000000e-08,3.000000000e+00,-4.102697962e-02,-4.102697552e-02,2.999898155e+00,-7.051061488e+01,-7.051062700e+01,-7.051062700e+01,-7.051065476e+01,-7.051065476e+01,-5.999898047e-08,8.205395509e-10,1.189866772e-06,1.498351166e-06
8.700000000e-08,3.000000000e+00,4.206221207e-02,4.206220786e-02,2.999894322e+00,-7.050841151e+01,-7.050842363e+01,-7.050842363e+01,-7.050845139e+01,-7.050845139e+01,-5.999894214e-08,-8.412441991e-10,1.189829589e-06,1.498304344e-06
8.800000000e-08,3.000000000e+00,1.309052181e-01,1.309052050e-01,2.999889892e+00,-7.050620820e+01,-7.050622032e+01,-7.050622032e+01,-7.050624808e+01,-7.050624808e+01,-5.999889784e-08,-2.618104230e-09,1.189792409e-06,1.498257524e-06
8.900000000e-08,3.000000000e+00,2.251514158e-01,2.251513933e-01,2.999884767e+00,-7.050400497e+01,-7.050401708e+01,-7.050401708e+01,-7.050404485e+01,-7.050404485e+01,-5.999884659e-08,-4.503028087e-09,1.189755229e-06,1.498210705e-06
9.000000000e-08,3.000000000e+00,3.244288585e-01,3.244288260e-01,2.999878826e+00,-7.050180180e+01,-7.050181392e+01,-7.050181392e+01,-7.050184168e+01,-7.050184168e+01,-5.999878717e-08,-6.488576843e-09,1.189718051e-06,1.498163888e-06
9.100000000e-08,3.000000000e+00,4.283457433e-01,4.283457005e-01,2.999871913e+00,-7.049959870e+01,-7.049961082e+01,-7.049961082e+01,-7.049963858e+01,-7.049963858e+01,-5.999871805e-08,-8.566914430e-09,1.189680874e-06,1.498117072e-06
9.200000000e-08,3.000000000e+00,5.364919579e-01,5.364919043e-01,2.999863829e+00,-7.049739567e+01,-7.049740779e+01,-7.049740779e+01,-7.049743555e+01,-7.049743555e+01,-5.999863721e-08,-1.072983862e-08,1.189643697e-06,1.498070258e-06
9.300000000e-08,3.000000000e+00,6.484406986e-01,6.484406338e-01,2.999854310e+00,-7.049519271e+01,-7.049520483e+01,-7.049520483e+01,-7.049523259e+01,-7.049523259e+01,-5.999854202e-08,-1.296881333e-08,1.189606522e-06,1.498023445e-06
9.400000000e-08,3.000000000e+00,7.637501548e-01,7.637500784e-01,2.999843006e+00,-7.049298982e+01,-7.049300194e+01,-7.049300194e+01,-7.049302969e+01,-7.049302969e+01,-5.999842898e-08,-1.527500233e-08,1.189569349e-06,1.497976633e-06
9.500000000e-08,3.000000000e+00,8.819652528e-01,8.819651646e-01,2.998694053e+00,-7.049078700e+01,-7.049079911e+01,-7.049079911e+01,-7.049082687e+01,-7.049082687e+01,-2.596086644e-07,-1.763930416e-08,1.189532176e-06,1.497929824e-06
9.600000000e-08,3.000000000e+00,1.002619452e+00,1.002619351e+00,2.986017957e+00,-7.048858424e+01,-7.048859636e+01,-7.048859636e+01,-7.048862411e+01,-7.048862411e+01,-2.261397576e-06,-2.005238802e-08,1.189495005e-06,1.497883015e-06
9.700000000e-08,3.000000000e+00,1.125236584e+00,1.125236472e+00,2.954505045e+00,-7.048638156e+01,-7.048639367e+01,-7.048639367e+01,-7.048642143e+01,-7.048642143e+01,-6.490745294e-06,-2.250473055e-08,1.189457834e-06,1.497836208e-06
9.800000000e-08,3.000000000e+00,1.249333095e+00,1.249332970e+00,2.894129778e+00,-7.048417894e+01,-7.048419105e+01,-7.048419105e+01,-7.048421880e+01,-7.048421880e+01,-1.299871051e-05,-2.498666064e-08,1.189420665e-06,1.497789402e-06
9.900000000e-08,3.000000000e+00,1.374418520e+00,1.374418382e+00,2.781868254e+00,-7.048197638e+01,-7.048198850e+01,-7.048198850e+01,-7.048201625e+01,-7.048201625e+01,-2.176179523e-05,-2.748836902e-08,1.189383497e-06,1.497742598e-06
1.000000000e-07,3.000000000e+00,1.499999866e+00,1.499999716e+00,2.512400970e+00,-7.047977389e+01,-7.047978601e+01,-7.047978601e+01,-7.047981376e+01,-7.047981376e+01,-3.253807814e-05,-2.999999580e-08,1.189346330e-06,1.497695795e-06
1.010000000e-07,3.000000000e+00,1.625581039e+00,1.625580877e+00,-4.742660746e+00,-1.459647095e+02,-1.432955417e+02,-1.432954883e+02,-1.408330284e+02,-1.408329932e+02,1.143165344e-01,-3.251161912e-08,-1.067652802e-01,-7.035458780e-02
1.020000000e-07,3.000000000e+00,1.750666467e+00,1.750666292e+00,7.571157063e+00,-3.853503279e+02,-3.767338980e+02,-3.767337791e+02,-3.687562111e+02,-3.687561323e+02,3.685994122e-01,-3.501332757e-08,-3.446534270e-01,-2.279268266e-01
1.030000000e-07,3.000000000e+00,1.874762629e+00,1.874762442e+00,7.414661327e+00,-9.582276988e+02,-9.374801737e+02,-9.374799310e+02,-9.182471097e+02,-9.182469489e+02,8.871981307e-01,-3.749525065e-08,-8.298916323e-01,-5.494999991e-01
1.040000000e-07,3.000000000e+00,1.997379774e+00,1.997379575e+00,3.177049809e-02,-9.075459696e+02,-9.081553692e+02,-9.081557963e+02,-9.084964191e+02,-9.084966988e+02,-2.943982289e-02,-3.994759345e-08,2.438506562e-02,9.741164920e-03
1.050000000e-07,3.000000000e+00,2.118033985e+00,2.118033773e+00,7.791824620e-03,-8.888364310e+02,-8.895266347e+02,-8.895266363e+02,-8.901675338e+02,-8.901675381e+02,-2.947153019e-02,-4.236067759e-08,2.761704277e-02,1.832025926e-02
1.060000000e-07,3.000000000e+00,2.236249105e+00,2.236248882e+00,7.733162731e-05,-8.706439851e+02,-8.713257548e+02,-8.713257546e+02,-8.719623266e+02,-8.719623266e+02,-2.908136882e-02,-4.472497983e-08,2.727949994e-02,1.819649195e-02
1.070000000e-07,3.000000000e+00,2.351558580e+00,2.351558345e+00,-1.205400505e-09,-8.528232256e+02,-8.534914707e+02,-8.534914704e+02,-8.541155111e+02,-8.541155110e+02,-2.850338411e-02,-4.703116925e-08,2.673834125e-02,1.783827499e-02
1.080000000e-07,3.000000000e+00,2.463507345e+00,2.463507099e+00,-1.997806082e-15,-8.353580191e+02,-8.360129388e+02,-8.360129386e+02,-8.366245370e+02,-8.366245369e+02,-2.793498518e-02,-4.927014443e-08,2.620514819e-02,1.748260837e-02
1.090000000e-07,3.000000000e+00,2.571653587e+00,2.571653330e+00,3.823074394e-16,-8.182411105e+02,-8.188829700e+02,-8.188829698e+02,-8.194823719e+02,-8.194823718e+02,-2.737792150e-02,-5.143306913e-08,2.568257182e-02,1.713397081e-02
1.100000000e-07,3.000000000e+00,2.675570502e+00,2.675570234e+00,3.440406344e-16,-8.014655519e+02,-8.020946118e+02,-8.020946115e+02,-8.026820606e+02,-8.026820604e+02,-2.683196693e-02,-5.351140735e-08,2.517041663e-02,1.679228503e-02
1.110000000e-07,3.000000000e+00,2.774847977e+00,2.774847699e+00,1.072751690e-16,-7.850245362e+02,-7.856410516e+02,-7.856410514e+02,-7.862167857e+02,-7.862167855e+02,-2.629689995e-02,-5.549695675e-08,2.466847498e-02,1.645741323e-02
1.120000000e-07,3.000000000e+00,2.869094209e+00,2.869093922e+00,-1.138022882e-16,-7.689113917e+02,-7.695156129e+02,-7.695156127e+02,-7.700798658e+02,-7.700798656e+02,-2.577250342e-02,-5.738188125e-08,2.417654319e-02,1.612921954e-02
1.130000000e-07,3.000000000e+00,2.957937252e+00,2.957936956e+00,2.958481236e-17,-7.531195800e+02,-7.537117521e+02,-7.537117519e+02,-7.542647529e+02,-7.542647527e+02,-2.525856455e-02,-5.915874207e-08,2.369442164e-02,1.580757078e-02
1.140000000e-07,3.000000000e+00,3.041026483e+00,3.041026179e+00,3.636221387e-18,-7.376426930e+02,-7.382230563e+02,-7.382230560e+02,-7.387650293e+02,-7.387650291e+02,-2.475487478e-02,-6.082052657e-08,2.322191469e-02,1.549233642e-02
1.150000000e-07,3.000000000e+00,3.118033986e+00,3.118033675e+00,-4.738906096e-16,-7.224744503e+02,-7.230432403e+02,-7.230432401e+02,-7.235744054e+02,-7.235744052e+02,-2.426122974e-02,-6.236067658e-08,2.275883061e-02,1.518338856e-02
1.160000000e-07,3.000000000e+00,3.188655849e+00,3.188655530e+00,7.395801242e-18,-7.076086969e+02,-7.081661444e+02,-7.081661441e+02,-7.086867172e+02,-7.086867170e+02,-2.377742911e-02,-6.377311375e-08,2.230498147e-02,1.488060182e-02
1.170000000e-07,3.000000000e+00,3.252613358e+00,3.252613033e+00,-8.608353610e-17,-6.930394004e+02,-6.935857316e+02,-6.935857314e+02,-6.940959233e+02,-6.940959232e+02,-2.330327656e-02,-6.505226387e-08,2.186018312e-02,1.458385333e-02
1.180000000e-07,3.000000000e+00,3.309654103e+00,3.309653772e+00,-2.006674437e-17,-6.787606489e+02,-6.792960854e+02,-6.792960852e+02,-6.797961031e+02,-6.797961029e+02,-2.283857969e-02,-6.619307871e-08,2.142425506e-02,1.429302269e-02
1.190000000e-07,3.000000000e+00,3.359552970e+00,3.359552634e+00,2.000929556e-16,-6.647666482e+02,-6.652914073e+02,-6.652914071e+02,-6.657814538e+02,-6.657814537e+02,-2.238314993e-02,-6.719105602e-08,2.099702040e-02,1.400799187e-02
1.200000000e-07,3.000000000e+00,3.402113031e+00,3.402112691e+00,-9.640594049e-17,-6.510517196e+02,-6.515660144e+02,-6.515660142e+02,-6.520462886e+02,-6.520462884e+02,-2.193680248e-02,-6.804225719e-08,2.057830577e-02,1.372864521e-02
1.210000000e-07,3.000000000e+00,3.437166321e+00,3.437165978e+00,1.426079184e-16,-6.376102980e+02,-6.381143370e+02,-6.381143368e+02,-6.385850337e+02,-6.385850336e+02,-2.149935622e-02,-6.874332296e-08,2.016794126e-02,1.345486937e-02
1.220000000e-07,3.000000000e+00,3.464574501e+00,3.464574154e+00,7.340793814e-17,-6.244369289e+02,-6.249309167e+02,-6.249309165e+02,-6.253922270e+02,-6.253922268e+02,-2.107063362e-02,-6.929148653e-08,1.976576035e-02,1.318655323e-02
1.230000000e-07,3.000000000e+00,3.484229402e+00,3.484229054e+00,-7.779663582e-17,-6.115262668e+02,-6.120104038e+02,-6.120104036e+02,-6.124625148e+02,-6.124625147e+02,-2.065046074e-02,-6.968458454e-08,1.937159985e-02,1.292358793e-02
1.240000000e-07,3.000000000e+00,3.496053457e+00,3.496053107e+00,-3.119821217e-16,-5.988730727e+02,-5.993475553e+02,-5.993475551e+02,-5.997906505e+02,-5.997906504e+02,-2.023866705e-02,-6.992106565e-08,1.898529981e-02,1.266586676e-02
1.250000000e-07,3.000000000e+00,3.500000000e+00,3.499999650e+00,1.864136517e-16,-5.864722120e+02,-5.869372328e+02,-5.869372327e+02,-5.873714921e+02,-5.873714919e+02,-1.983508547e-02,-6.999999646e-08,1.860670346e-02,1.241328513e-02
1.260000000e-07,3.000000000e+00,3.496053457e+00,3.496053107e+00,7.718704051e-17,-5.743186527e+02,-5.747744005e+02,-5.747744003e+02,-5.751999999e+02,-5.751999997e+02,-1.943955222e-02,-6.992106566e-08,1.823565719e-02,1.216574056e-02
1.270000000e-07,3.000000000e+00,3.484229403e+00,3.484229055e+00,-3.737501566e-17,-5.624074631e+02,-5.628541226e+02,-5.628541224e+02,-5.632712349e+02,-5.632712348e+02,-1.905190681e-02,-6.968458461e-08,1.787201043e-02,1.192313258e-02
1.280000000e-07,3.000000000e+00,3.464574502e+00,3.464574156e+00,2.583281641e-16,-5.507338096e+02,-5.511715622e+02,-5.511715621e+02,-5.515803567e+02,-5.515803566e+02,-1.867199193e-02,-6.929148656e-08,1.751561561e-02,1.168536277e-02
1.290000000e-07,3.000000000e+00,3.437166323e+00,3.437165979e+00,5.307058003e-16,-5.392929554e+02,-5.397219787e+02,-5.397219785e+02,-5.401226212e+02,-5.401226211e+02,-1.829965342e-02,-6.874332299e-08,1.716632811e-02,1.145233462e-02
1.300000000e-07,3.000000000e+00,3.402113034e+00,3.402112693e+00,-8.506377182e-16,-5.280802579e+02,-5.285007259e+02,-5.285007258e+02,-5.288933790e+02,-5.288933789e+02,-1.793474018e-02,-6.804225724e-08,1.682400620e-02,1.122395358e-02
1.310000000e-07,3.000000000e+00,3.359552973e+00,3.359552637e+00,2.983454383e-16,-5.170911671e+02,-5.175032505e+02,-5.175032503e+02,-5.178880735e+02,-5.178880734e+02,-1.757710414e-02,-6.719105608e-08,1.648851097e-02,1.100012699e-02
1.320000000e-07,3.000000000e+00,3.309654106e+00,3.309653775e+00,-2.857285593e-17,-5.063212237e+02,-5.067250897e+02,-5.067250895e+02,-5.071022388e+02,-5.071022387e+02,-1.722660018e-02,-6.619307883e-08,1.615970628e-02,1.078076400e-02
1.330000000e-07,3.000000000e+00,3.252613362e+00,3.252613037e+00,-4.217076846e-17,-4.957660575e+02,-4.961618700e+02,-4.961618698e+02,-4.965314982e+02,-4.965314981e+02,-1.688308607e-02,-6.505226394e-08,1.583745870e-02,1.056577561e-02
1.340000000e-07,3.000000000e+00,3.188655853e+00,3.188655534e+00,2.555024472e-16,-4.854213854e+02,-4.858093049e+02,-4.858093047e+02,-4.861715622e+02,-4.861715621e+02,-1.654642241e-02,-6.377311383e-08,1.552163747e-02,1.035507458e-02
1.350000000e-07,3.000000000e+00,3.118033993e+00,3.118033681e+00,-2.210788126e-17,-4.752830098e+02,-4.756631938e+02,-4.756631936e+02,-4.760182271e+02,-4.760182270e+02,-1.621647260e-02,-6.236067670e-08,1.521211444e-02,1.014857542e-02
1.360000000e-07,3.000000000e+00,3.041026490e+00,3.041026186e+00,1.018448737e-16,-4.653468165e+02,-4.657194192e+02,-4.657194190e+02,-4.660673727e+02,-4.660673726e+02,-1.589310273e-02,-6.082052675e-08,1.490876401e-02,9.946194312e-03
1.370000000e-07,3.000000000e+00,2.957937259e+00,2.957936964e+00,-2.389561882e-16,-4.556087735e+02,-4.559739461e+02,-4.559739459e+02,-4.563149609e+02,-4.563149608e+02,-1.557618160e-02,-5.915874222e-08,1.461146307e-02,9.747849147e-03
1.380000000e-07,3.000000000e+00,2.869094217e+00,2.869093930e+00,2.052409428e-16,-4.460649292e+02,-4.464228199e+02,-4.464228197e+02,-4.467570344e+02,-4.467570343e+02,-1.526558060e-02,-5.738188140e-08,1.432009100e-02,9.553459437e-03
1.390000000e-07,3.000000000e+00,2.774847985e+00,2.774847707e+00,3.758193978e-16,-4.367114109e+02,-4.370621649e+02,-4.370621647e+02,-4.373897148e+02,-4.373897147e+02,-1.496117368e-02,-5.549695691e-08,1.403452954e-02,9.362946299e-03
1.400000000e-07,3.000000000e+00,2.675570510e+00,2.675570242e+00,-2.593184521e-16,-4.275444230e+02,-4.278881826e+02,-4.278881825e+02,-4.282092007e+02,-4.282092006e+02,-1.466283734e-02,-5.351140752e-08,1.375466283e-02,9.176232427e-03
1.410000000e-07,3.000000000e+00,2.571653596e+00,2.571653338e+00,1.355586213e-16,-4.185602457e+02,-4.188971505e+02,-4.188971503e+02,-4.192117671e+02,-4.192117670e+02,-1.437045050e-02,-5.143306930e-08,1.348037729e-02,8.993242054e-03
1.420000000e-07,3.000000000e+00,2.463507354e+00,2.463507108e+00,8.633727244e-17,-4.097552334e+02,-4.100854199e+02,-4.100854198e+02,-4.103937627e+02,-4.103937626e+02,-1.408389452e-02,-4.927014458e-08,1.321156164e-02,8.813900926e-03
1.430000000e-07,3.000000000e+00,2.351558589e+00,2.351558354e+00,-3.080491845e-16,-4.011258130e+02,-4.014494153e+02,-4.014494152e+02,-4.017516094e+02,-4.017516093e+02,-1.380305311e-02,-4.703116941e-08,1.294810678e-02,8.638136267e-03
1.440000000e-07,3.000000000e+00,2.236249112e+00,2.236248888e+00,7.731538751e-05,-3.926690839e+02,-3.929862121e+02,-3.929862120e+02,-3.932823604e+02,-3.932823603e+02,-1.352691618e-02,-4.472497998e-08,1.268905580e-02,8.465316623e-03
1.450000000e-07,3.000000000e+00,2.118033995e+00,2.118033783e+00,7.791823296e-03,-3.844396344e+02,-3.847483643e+02,-3.847483641e+02,-3.850366930e+02,-3.850366929e+02,-1.316961398e-02,-4.236067779e-08,1.235304382e-02,8.241817527e-03
1.460000000e-07,3.000000000e+00,1.997379781e+00,1.997379581e+00,3.177049575e-02,-3.765476232e+02,-3.768439502e+02,-3.768439499e+02,-3.771207442e+02,-3.771207440e+02,-1.264325441e-02,-3.994759359e-08,1.185684578e-02,7.912178102e-03
1.470000000e-07,3.000000000e+00,1.874762636e+00,1.874762448e+00,7.997080920e-02,-3.691439248e+02,-3.694222854e+02,-3.694222851e+02,-3.696823694e+02,-3.696823692e+02,-1.188150738e-02,-3.749525079e-08,1.113811997e-02,7.434678390e-03
1.480000000e-07,3.000000000e+00,1.750666474e+00,1.750666299e+00,1.687334602e-01,-3.624643865e+02,-3.627161237e+02,-3.627161231e+02,-3.629514512e+02,-3.629514509e+02,-1.075214347e-02,-3.501332773e-08,1.007311371e-02,6.727289216e-03
1.490000000e-07,3.000000000e+00,1.625581051e+00,1.625580889e+00,3.494704897e-01,-3.570062225e+02,-3.572132607e+02,-3.572132598e+02,-3.574070633e+02,-3.574070627e+02,-8.852191537e-03,-3.251161939e-08,8.285100549e-03,5.540814780e-03
1.500000000e-07,3.000000000e+00,1.500000001e+00,1.499999851e+00,2.512400133e+00,-3.573075625e+02,-3.573084052e+02,-3.573084010e+02,-3.573114958e+02,-3.573114931e+02,-3.253767007e-05,-2.999999851e-08,3.727972902e-05,9.199649307e-05
1.510000000e-07,3.000000000e+00,1.374419767e+00,1.374419629e+00,2.781867422e+00,-3.572989393e+02,-3.572990071e+02,-3.572990070e+02,-3.572991876e+02,-3.572991876e+02,-2.176189173e-05,-2.748839394e-08,6.283852205e-06,8.733143390e-06
1.520000000e-07,3.000000000e+00,1.249334335e+00,1.249334210e+00,2.894129091e+00,-3.572878046e+02,-3.572878661e+02,-3.572878661e+02,-3.572880073e+02,-3.572880073e+02,-1.299878408e-05,-2.498668545e-08,6.032280996e-06,7.607523261e-06
1.530000000e-07,3.000000000e+00,1.125238167e+00,1.125238054e+00,2.954504509e+00,-3.572766402e+02,-3.572767016e+02,-3.572767016e+02,-3.572768422e+02,-3.572768422e+02,-6.490814013e-06,-2.250476221e-08,6.029083759e-06,7.592332480e-06
1.540000000e-07,3.000000000e+00,1.002621012e+00,1.002620912e+00,2.986017701e+00,-3.572654757e+02,-3.572655371e+02,-3.572655371e+02,-3.572656778e+02,-3.572656778e+02,-2.261437187e-06,-2.005241924e-08,6.028856148e-06,7.591897049e-06
1.550000000e-07,3.000000000e+00,8.819667854e-01,8.819666972e-01,2.998694011e+00,-3.572543116e+02,-3.572543730e+02,-3.572543730e+02,-3.572545136e+02,-3.572545136e+02,-2.596168286e-07,-1.763933481e-08,6.028667236e-06,7.591657186e-06
1.560000000e-07,3.000000000e+00,7.637508966e-01,7.637508202e-01,2.999842981e+00,-3.572431481e+02,-3.572432095e+02,-3.572432095e+02,-3.572433502e+02,-3.572433502e+02,-5.937242489e-08,-1.527501716e-08,6.027894204e-06,7.591034661e-06
1.570000000e-07,3.000000000e+00,6.484421567e-01,6.484420918e-01,2.999854310e+00,-3.572319847e+02,-3.572320461e+02,-3.572320461e+02,-3.572321867e+02,-3.572321867e+02,-5.999851680e-08,-1.296884247e-08,6.028288263e-06,7.591176811e-06
1.580000000e-07,3.000000000e+00,5.364933700e-01,5.364933164e-01,2.999863829e+00,-3.572208216e+02,-3.572208830e+02,-3.572208830e+02,-3.572210237e+02,-3.572210237e+02,-5.999861601e-08,-1.072986686e-08,6.028102066e-06,7.590945408e-06
1.590000000e-07,3.000000000e+00,4.283471039e-01,4.283470611e-01,2.999871913e+00,-3.572096589e+02,-3.572097203e+02,-3.572097203e+02,-3.572098609e+02,-3.572098609e+02,-5.999869685e-08,-8.566941641e-09,6.027913713e-06,7.590708278e-06
1.600000000e-07,3.000000000e+00,3.244301621e-01,3.244301297e-01,2.999878826e+00,-3.571984965e+02,-3.571985579e+02,-3.571985579e+02,-3.571986985e+02,-3.571986985e+02,-5.999876598e-08,-6.488602917e-09,6.027725350e-06,7.590471080e-06
1.610000000e-07,3.000000000e+00,2.251526575e-01,2.251526349e-01,2.999884767e+00,-3.571873345e+02,-3.571873959e+02,-3.571873959e+02,-3.571875365e+02,-3.571875365e+02,-5.999882539e-08,-4.503052919e-09,6.027536989e-06,7.590233886e-06
1.620000000e-07,3.000000000e+00,1.309063928e-01,1.309063797e-01,2.999889892e+00,-3.571761728e+02,-3.571762342e+02,-3.571762342e+02,-3.571763748e+02,-3.571763748e+02,-5.999887664e-08,-2.618127724e-09,6.027348637e-06,7.589996701e-06
1.630000000e-07,3.000000000e+00,4.206331516e-02,4.206331096e-02,2.999894322e+00,-3.571650114e+02,-3.571650728e+02,-3.571650728e+02,-3.571652135e+02,-3.571652135e+02,-5.999892095e-08,-8.412662611e-10,6.027160288e-06,7.589759522e-06
1.640000000e-07,3.000000000e+00,-4.102595246e-02,-4.102594836e-02,2.999898155e+00,-3.571538505e+02,-3.571539118e+02,-3.571539118e+02,-3.571540525e+02,-3.571540525e+02,-5.999895928e-08,8.205190084e-10,6.026971947e-06,7.589522351e-06
1.650000000e-07,3.000000000e+00,-1.180334947e-01,-1.180334829e-01,2.999901467e+00,-3.571426898e+02,-3.571427512e+02,-3.571427512e+02,-3.571428918e+02,-3.571428918e+02,-5.999899240e-08,2.360669774e-09,6.026783611e-06,7.589285187e-06
1.660000000e-07,3.000000000e+00,-1.886550272e-01,-1.886550083e-01,2.999904320e+00,-3.571315296e+02,-3.571315910e+02,-3.571315910e+02,-3.571317316e+02,-3.571317316e+02,-5.999900474e-08,3.773100353e-09,6.026595267e-06,7.589048022e-06
1.670000000e-07,3.000000000e+00,-2.526126140e-01,-2.526125887e-01,2.999906766e+00,-3.571203697e+02,-3.571204311e+02,-3.571204311e+02,-3.571205717e+02,-3.571205717e+02,-5.999902919e-08,5.052252027e-09,6.026406944e-06,7.588810874e-06
1.680000000e-07,3.000000000e+00,-3.096534395e-01,-3.096534086e-01,2.999908843e+00,-3.571092102e+02,-3.571092716e+02,-3.571092716e+02,-3.571094122e+02,-3.571094122e+02,-5.999904997e-08,6.193068479e-09,6.026218628e-06,7.588573735e-06
1.690000000e-07,3.000000000e+00,-3.595523897e-01,-3.595523537e-01,2.999910586e+00,-3.570980510e+02,-3.570981124e+02,-3.570981124e+02,-3.570982530e+02,-3.570982530e+02,-5.999906740e-08,7.191047426e-09,6.026030315e-06,7.588336601e-06
1.700000000e-07,3.000000000e+00,-4.021125361e-01,-4.021124959e-01,2.999912021e+00,-3.570868922e+02,-3.570869535e+02,-3.570869535e+02,-3.570870941e+02,-3.570870941e+02,-5.999908175e-08,8.042250310e-09,6.025842010e-06,7.588099476e-06
1.710000000e-07,3.000000000e+00,-4.371655788e-01,-4.371655351e-01,2.999913169e+00,-3.570757338e+02,-3.570757952e+02,-3.570757952e+02,-3.570759358e+02,-3.570759358e+02,-5.999906545e-08,8.743311131e-09,6.025653686e-06,7.587862343e-06
1.720000000e-07,3.000000000e+00,-4.645739201e-01,-4.645738737e-01,2.999914046e+00,-3.570645758e+02,-3.570646371e+02,-3.570646371e+02,-3.570647777e+02,-3.570647777e+02,-5.999907422e-08,9.291477937e-09,6.025465394e-06,7.587625235e-06
1.730000000e-07,3.000000000e+00,-4.842289857e-01,-4.842289373e-01,2.999914664e+00,-3.570534181e+02,-3.570534794e+02,-3.570534794e+02,-3.570536200e+02,-3.570536200e+02,-5.999908040e-08,9.684579225e-09,6.025277108e-06,7.587388134e-06
1.740000000e-07,3.000000000e+00,-4.960530009e-01,-4.960529513e-01,2.999915031e+00,-3.570422609e+02,-3.570423223e+02,-3.570423223e+02,-3.570424629e+02,-3.570424629e+02,-5.999903658e-08,9.921059514e-09,6.025088787e-06,7.587151015e-06
1.750000000e-07,3.000000000e+00,-4.999998478e-01,-4.999997978e-01,2.999915153e+00,-3.570311041e+02,-3.570311655e+02,-3.570311655e+02,-3.570313061e+02,-3.570313061e+02,-5.999903780e-08,9.999996451e-09,6.024900517e-06,7.586913933e-06
1.760000000e-07,3.000000000e+00,-4.960536090e-01,-4.960535594e-01,2.999915031e+00,-3.570199477e+02,-3.570200091e+02,-3.570200091e+02,-3.570201496e+02,-3.570201496e+02,-5.999903659e-08,9.921071677e-09,6.024712251e-06,7.586676858e-06
1.770000000e-07,3.000000000e+00,-4.842298586e-01,-4.842298102e-01,2.999914664e+00,-3.570087916e+02,-3.570088530e+02,-3.570088530e+02,-3.570089935e+02,-3.570089935e+02,-5.999903292e-08,9.684596682e-09,6.024523992e-06,7.586439791e-06
1.780000000e-07,3.000000000e+00,-4.645749183e-01,-4.645748719e-01,2.999914046e+00,-3.569976357e+02,-3.569976970e+02,-3.569976970e+02,-3.569978376e+02,-3.569978376e+02,-5.999907424e-08,9.291497894e-09,6.024335780e-06,7.586202757e-06
1.790000000e-07,3.000000000e+00,-4.371669036e-01,-4.371668599e-01,2.999913169e+00,-3.569864801e+02,-3.569865414e+02,-3.569865414e+02,-3.569866820e+02,-3.569866820e+02,-5.999906548e-08,8.743337627e-09,6.024147530e-06,7.585965701e-06
1.800000000e-07,3.000000000e+00,-4.021137761e-01,-4.021137359e-01,2.999912021e+00,-3.569753248e+02,-3.569753862e+02,-3.569753862e+02,-3.569755268e+02,-3.569755268e+02,-5.999905401e-08,8.042275116e-09,6.023959286e-06,7.585728653e-06
1.810000000e-07,3.000000000e+00,-3.595534683e-01,-3.595534323e-01,2.999910586e+00,-3.569641698e+02,-3.569642312e+02,-3.569642312e+02,-3.569643718e+02,-3.569643718e+02,-5.999906743e-08,7.191068997e-09,6.023771071e-06,7.585491625e-06
1.820000000e-07,3.000000000e+00,-3.096546870e-01,-3.096546561e-01,2.999908843e+00,-3.569530152e+02,-3.569530765e+02,-3.569530765e+02,-3.569532171e+02,-3.569532171e+02,-5.999905000e-08,6.193093429e-09,6.023582837e-06,7.585254590e-06
1.830000000e-07,3.000000000e+00,-2.526140255e-01,-2.526140002e-01,2.999906766e+00,-3.569418609e+02,-3.569419222e+02,-3.569419222e+02,-3.569420628e+02,-3.569420628e+02,-5.999902923e-08,5.052280253e-09,6.023394607e-06,7.585017560e-06
1.840000000e-07,3.000000000e+00,-1.886565971e-01,-1.886565782e-01,2.999904321e+00,-3.569307069e+02,-3.569307683e+02,-3.569307683e+02,-3.569309088e+02,-3.569309088e+02,-5.999900478e-08,3.773131751e-09,6.023206384e-06,7.584780538e-06
1.850000000e-07,3.000000000e+00,-1.180348126e-01,-1.180348008e-01,2.999901467e+00,-3.569195533e+02,-3.569196147e+02,-3.569196147e+02,-3.569197552e+02,-3.569197552e+02,-5.999897624e-08,2.360696132e-09,6.023018167e-06,7.584543524e-06
1.860000000e-07,3.000000000e+00,-4.102697962e-02,-4.102697552e-02,2.999898155e+00,-3.569084000e+02,-3.569084614e+02,-3.569084614e+02,-3.569086019e+02,-3.569086019e+02,-5.999895931e-08,8.205395509e-10,6.022829969e-06,7.584306526e-06
1.870000000e-07,3.000000000e+00,4.206221207e-02,4.206220786e-02,2.999894322e+00,-3.568972471e+02,-3.568973084e+02,-3.568973084e+02,-3.568974489e+02,-3.568974489e+02,-5.999892098e-08,-8.412441991e-10,6.022641764e-06,7.584069526e-06
1.880000000e-07,3.000000000e+00,1.309052181e-01,1.309052050e-01,2.999889892e+00,-3.568860944e+02,-3.568861558e+02,-3.568861558e+02,-3.568862963e+02,-3.568862963e+02,-5.999887668e-08,-2.618104230e-09,6.022453563e-06,7.583832533e-06
1.890000000e-07,3.000000000e+00,2.251514158e-01,2.251513933e-01,2.999884767e+00,-3.568749422e+02,-3.568750035e+02,-3.568750035e+02,-3.568751440e+02,-3.568751440e+02,-5.999882543e-08,-4.503028087e-09,6.022265369e-06,7.583595547e-06
1.900000000e-07,3.000000000e+00,3.244288585e-01,3.244288260e-01,2.999878826e+00,-3.568637902e+02,-3.568638516e+02,-3.568638516e+02,-3.568639921e+02,-3.568639921e+02,-5.999876602e-08,-6.488576843e-09,6.022077179e-06,7.583358568e-06
1.910000000e-07,3.000000000e+00,4.283457433e-01,4.283457005e-01,2.999871913e+00,-3.568526387e+02,-3.568527000e+02,-3.568527000e+02,-3.568528405e+02,-3.568528405e+02,-5.999869689e-08,-8.566914430e-09,6.021888998e-06,7.583121598e-06
1.920000000e-07,3.000000000e+00,5.364919579e-01,5.364919043e-01,2.999863829e+00,-3.568414874e+02,-3.568415488e+02,-3.568415488e+02,-3.568416893e+02,-3.568416893e+02,-5.999861605e-08,-1.072983862e-08,6.021700821e-06,7.582884634e-06
1.930000000e-07,3.000000000e+00,6.484406986e-01,6.484406338e-01,2.999854310e+00,-3.568303366e+02,-3.568303979e+02,-3.568303979e+02,-3.568305384e+02,-3.568305384e+02,-5.999852086e-08,-1.296881333e-08,6.021512649e-06,7.582647678e-06
1.940000000e-07,3.000000000e+00,7.637501548e-01,7.637500784e-01,2.999843006e+00,-3.568191860e+02,-3.568192474e+02,-3.568192474e+02,-3.568193879e+02,-3.568193879e+02,-5.999840783e-08,-1.527500233e-08,6.021324485e-06,7.582410729e-06
1.950000000e-07,3.000000000e+00,8.819652528e-01,8.819651646e-01,2.998694053e+00,-3.568080359e+02,-3.568080972e+02,-3.568080972e+02,-3.568082377e+02,-3.568082377e+02,-2.596086432e-07,-1.763930417e-08,6.021136325e-06,7.582173788e-06
1.960000000e-07,3.000000000e+00,1.002619452e+00,1.002619351e+00,2.986017957e+00,-3.567968860e+02,-3.567969474e+02,-3.567969474e+02,-3.567970879e+02,-3.567970879e+02,-2.261397555e-06,-2.005238802e-08,6.020948173e-06,7.581936854e-06
1.970000000e-07,3.000000000e+00,1.125236584e+00,1.125236472e+00,2.954505045e+00,-3.567857366e+02,-3.567857979e+02,-3.567857979e+02,-3.567859384e+02,-3.567859384e+02,-6.490745273e-06,-2.250473054e-08,6.020760025e-06,7.581699927e-06
1.980000000e-07,3.000000000e+00,1.249333095e+00,1.249332970e+00,2.894129778e+00,-3.567745874e+02,-3.567746487e+02,-3.567746487e+02,-3.567747892e+02,-3.567747892e+02,-1.299871049e-05,-2.498666064e-08,6.020571891e-06,7.581463013e-06
1.990000000e-07,3.000000000e+00,1.374418520e+00,1.374418382e+00,2.781868254e+00,-3.567634386e+02,-3.567634999e+02,-3.567634999e+02,-3.567636404e+02,-3.567636404e+02,-2.176179522e-05,-2.748836900e-08,6.020383753e-06,7.581226100e-06
2.000000000e-07,3.000000000e+00,1.499999866e+00,1.499999716e+00,2.512400970e+00,-3.567522901e+02,-3.567523514e+02,-3.567523514e+02,-3.567524919e+02,-3.567524919e+02,-3.253807813e-05,-2.999999580e-08,6.020195631e-06,7.580989200e-06
2.010000000e-07,3.000000000e+00,1.625581039e+00,1.625580877e+00,-4.742660746e+00,-6.634145135e+02,-6.525707883e+02,-6.525705714e+02,-6.425666317e+02,-6.425664888e+02,4.644217341e-01,-3.251161912e-08,-4.337424840e-01,-2.858204226e-01
2.020000000e-07,3.000000000e+00,1.750666467e+00,1.750666292e+00,7.571157063e+00,-1.635964493e+03,-1.600958544e+03,-1.600958061e+03,-1.568547634e+03,-1.568547314e+03,1.497509120e+00,-3.501332757e-08,-1.400221950e+00,-9.259965103e-01
2.030000000e-07,3.000000000e+00,1.874762629e+00,1.874762442e+00,7.414661327e+00,-3.963671607e+03,-3.879370734e+03,-3.879369748e+03,-3.801223445e+03,-3.801222792e+03,3.604845086e+00,-3.749525068e-08,-3.371996140e+00,-2.232713491e+00
2.040000000e-07,3.000000000e+00,1.997379774e+00,1.997379575e+00,3.177049803e-02,-3.757745329e+03,-3.760221272e+03,-3.760223007e+03,-3.761606891e+03,-3.761608027e+03,-1.195974905e-01,-3.994759346e-08,9.907530096e-02,3.957714889e-02
2.050000000e-07,3.000000000e+00,2.118033988e+00,2.118033776e+00,7.791824432e-03,-3.681727522e+03,-3.684531783e+03,-3.684531790e+03,-3.687135738e+03,-3.687135755e+03,-1.197367279e-01,-4.236067762e-08,1.122072927e-01,7.443540026e-02
2.060000000e-07,3.000000000e+00,2.236249105e+00,2.236248882e+00,7.731816827e-05,-3.607810731e+03,-3.610580724e+03,-3.610580724e+03,-3.613167097e+03,-3.613167097e+03,-1.181553614e-01,-4.472497983e-08,1.108358222e-01,7.393252671e-02
2.070000000e-07,3.000000000e+00,2.351558583e+00,2.351558347e+00,-3.008795568e-10,-3.535404120e+03,-3.538119163e+03,-3.538119161e+03,-3.540654620e+03,-3.540654619e+03,-1.158070213e-01,-4.703116928e-08,1.086370654e-01,7.247707190e-02
2.080000000e-07,3.000000000e+00,2.463507348e+00,2.463507101e+00,3.822547681e-16,-3.464442139e+03,-3.467103039e+03,-3.467103038e+03,-3.469587943e+03,-3.469587942e+03,-1.134975889e-01,-4.927014448e-08,1.064706762e-01,7.103198119e-02
2.090000000e-07,3.000000000e+00,2.571653589e+00,2.571653332e+00,3.379240956e-17,-3.394895308e+03,-3.397503144e+03,-3.397503143e+03,-3.399938494e+03,-3.399938493e+03,-1.112342121e-01,-5.143306913e-08,1.043474230e-01,6.961544988e-02
2.100000000e-07,3.000000000e+00,2.675570504e+00,2.675570237e+00,-5.379710008e-17,-3.326735400e+03,-3.329291230e+03,-3.329291229e+03,-3.331678014e+03,-3.331678013e+03,-1.090159722e-01,-5.351140741e-08,1.022665116e-01,6.822716398e-02
2.110000000e-07,3.000000000e+00,2.774847979e+00,2.774847702e+00,1.820595503e-16,-3.259934755e+03,-3.262439617e+03,-3.262439616e+03,-3.264778803e+03,-3.264778802e+03,-1.068419691e-01,-5.549695680e-08,1.002270983e-01,6.686656361e-02
2.120000000e-07,3.000000000e+00,2.869094211e+00,2.869093924e+00,9.732895021e-17,-3.194466267e+03,-3.196921176e+03,-3.196921175e+03,-3.199213714e+03,-3.199213713e+03,-1.047113206e-01,-5.738188129e-08,9.822835560e-02,6.553309671e-02
2.130000000e-07,3.000000000e+00,2.957937254e+00,2.957936959e+00,-4.900432458e-17,-3.130303369e+03,-3.132709323e+03,-3.132709322e+03,-3.134956143e+03,-3.134956142e+03,-1.026231620e-01,-5.915874212e-08,9.626947234e-02,6.422622218e-02
2.140000000e-07,3.000000000e+00,3.041026485e+00,3.041026181e+00,-1.270378765e-16,-3.067420026e+03,-3.069778000e+03,-3.069777999e+03,-3.071980013e+03,-3.071980013e+03,-1.005766460e-01,-6.082052661e-08,9.434965368e-02,6.294540970e-02
2.150000000e-07,3.000000000e+00,3.118033988e+00,3.118033677e+00,9.051743721e-17,-3.005790720e+03,-3.008101671e+03,-3.008101670e+03,-3.010259772e+03,-3.010259771e+03,-9.857094228e-02,-6.236067662e-08,9.246812056e-02,6.169013953e-02
2.160000000e-07,3.000000000e+00,3.188655850e+00,3.188655532e+00,2.922597890e-16,-2.945390443e+03,-2.947655309e+03,-2.947655308e+03,-2.949770372e+03,-2.949770372e+03,-9.660523683e-02,-6.377311378e-08,9.062410951e-02,6.045990232e-02
2.170000000e-07,3.000000000e+00,3.252613360e+00,3.252613034e+00,-2.841424821e-16,-2.886194685e+03,-2.888414385e+03,-2.888414384e+03,-2.890487269e+03,-2.890487268e+03,-9.467873202e-02,-6.505226390e-08,8.881687224e-02,5.925419883e-02
2.180000000e-07,3.000000000e+00,3.309654104e+00,3.309653773e+00,2.538361683e-16,-2.828179425e+03,-2.830354859e+03,-2.830354858e+03,-2.832386406e+03,-2.832386405e+03,-9.279064610e-02,-6.619307879e-08,8.704567539e-02,5.807253982e-02
2.190000000e-07,3.000000000e+00,3.359552971e+00,3.359552635e+00,4.907846513e-17,-2.771321121e+03,-2.773453173e+03,-2.773453172e+03,-2.775444206e+03,-2.775444205e+03,-9.094021291e-02,-6.719105604e-08,8.530980023e-02,5.691444577e-02
2.200000000e-07,3.000000000e+00,3.402113032e+00,3.402112692e+00,1.219462518e-16,-2.715596701e+03,-2.717686236e+03,-2.717686235e+03,-2.719637563e+03,-2.719637563e+03,-8.912668158e-02,-6.804225721e-08,8.360854238e-02,5.577944676e-02
2.210000000e-07,3.000000000e+00,3.437166322e+00,3.437165978e+00,-1.015254806e-16,-2.660983553e+03,-2.663031418e+03,-2.663031417e+03,-2.664943832e+03,-2.664943832e+03,-8.734931618e-02,-6.874332297e-08,8.194121148e-02,5.466708221e-02
2.220000000e-07,3.000000000e+00,3.464574501e+00,3.464574155e+00,2.730946470e-16,-2.607459516e+03,-2.609466542e+03,-2.609466541e+03,-2.611340819e+03,-2.611340818e+03,-8.560739550e-02,-6.929148654e-08,8.030713096e-02,5.357690075e-02
2.230000000e-07,3.000000000e+00,3.484229402e+00,3.484229054e+00,-7.753986229e-16,-2.555002870e+03,-2.556969871e+03,-2.556969870e+03,-2.558806771e+03,-2.558806770e+03,-8.390021268e-02,-6.968458454e-08,7.870563772e-02,5.250845998e-02
2.240000000e-07,3.000000000e+00,3.496053457e+00,3.496053107e+00,2.387114189e-16,-2.503592328e+03,-2.505520104e+03,-2.505520103e+03,-2.507320372e+03,-2.507320371e+03,-8.222707497e-02,-6.992106560e-08,7.713608190e-02,5.146132635e-02
2.250000000e-07,3.000000000e+00,3.500000000e+00,3.499999650e+00,3.063487776e-17,-2.453207030e+03,-2.455096362e+03,-2.455096361e+03,-2.456860729e+03,-2.456860728e+03,-8.058730343e-02,-6.999999647e-08,7.559782660e-02,5.043507495e-02
2.260000000e-07,3.000000000e+00,3.496053457e+00,3.496053107e+00,-5.271245316e-16,-2.403826529e+03,-2.405678184e+03,-2.405678183e+03,-2.407407366e+03,-2.407407365e+03,-7.898023267e-02,-6.992106566e-08,7.409024761e-02,4.942928934e-02
2.270000000e-07,3.000000000e+00,3.484229403e+00,3.484229054e+00,-3.853231416e-17,-2.355430788e+03,-2.357245517e+03,-2.357245516e+03,-2.358940215e+03,-2.358940215e+03,-7.740521056e-02,-6.968458460e-08,7.261273317e-02,4.844356139e-02
2.280000000e-07,3.000000000e+00,3.464574502e+00,3.464574155e+00,-2.573501213e-16,-2.308000168e+03,-2.309778708e+03,-2.309778707e+03,-2.311439610e+03,-2.311439610e+03,-7.586159798e-02,-6.929148655e-08,7.116468374e-02,4.747749109e-02
2.290000000e-07,3.000000000e+00,3.437166323e+00,3.437165979e+00,2.081534643e-16,-2.261515423e+03,-2.263258495e+03,-2.263258494e+03,-2.264886276e+03,-2.264886275e+03,-7.434876854e-02,-6.874332304e-08,6.974551170e-02,4.653068643e-02
2.300000000e-07,3.000000000e+00,3.402113033e+00,3.402112693e+00,3.076520646e-16,-2.215957689e+03,-2.217666001e+03,-2.217666000e+03,-2.219261320e+03,-2.219261320e+03,-7.286610837e-02,-6.804225722e-08,6.835464119e-02,4.560276322e-02
2.310000000e-07,3.000000000e+00,3.359552972e+00,3.359552636e+00,7.312255623e-17,-2.171308480e+03,-2.172982725e+03,-2.172982724e+03,-2.174546230e+03,-2.174546230e+03,-7.141301581e-02,-6.719105606e-08,6.699150780e-02,4.469334490e-02
2.320000000e-07,3.000000000e+00,3.309654105e+00,3.309653774e+00,2.450523755e-17,-2.127549678e+03,-2.129190535e+03,-2.129190534e+03,-2.130722861e+03,-2.130722860e+03,-6.998890123e-02,-6.619307880e-08,6.565555840e-02,4.380206246e-02
2.330000000e-07,3.000000000e+00,3.252613361e+00,3.252613035e+00,3.279351936e-16,-2.084663527e+03,-2.086271661e+03,-2.086271661e+03,-2.087773429e+03,-2.087773429e+03,-6.859318673e-02,-6.505226392e-08,6.434625086e-02,4.292855421e-02
2.340000000e-07,3.000000000e+00,3.188655852e+00,3.188655533e+00,-2.166919669e-16,-2.042632622e+03,-2.044208687e+03,-2.044208687e+03,-2.045680507e+03,-2.045680507e+03,-6.722530596e-02,-6.377311380e-08,6.306305390e-02,4.207246571e-02
2.350000000e-07,3.000000000e+00,3.118033989e+00,3.118033678e+00,2.305641186e-16,-2.001439910e+03,-2.002984545e+03,-2.002984544e+03,-2.004427014e+03,-2.004427013e+03,-6.588470385e-02,-6.236067664e-08,6.180544681e-02,4.123344956e-02
2.360000000e-07,3.000000000e+00,3.041026486e+00,3.041026182e+00,-2.110846372e-16,-1.961068674e+03,-1.962582506e+03,-1.962582505e+03,-1.963996209e+03,-1.963996208e+03,-6.457083639e-02,-6.082052668e-08,6.057291926e-02,4.041116531e-02
2.370000000e-07,3.000000000e+00,2.957937256e+00,2.957936960e+00,-2.120774691e-16,-1.921502532e+03,-1.922986175e+03,-1.922986175e+03,-1.924371686e+03,-1.924371686e+03,-6.328317044e-02,-5.915874214e-08,5.936497112e-02,3.960527927e-02
2.380000000e-07,3.000000000e+00,2.869094213e+00,2.869093926e+00,-4.102813871e-16,-1.882725429e+03,-1.884179486e+03,-1.884179485e+03,-1.885537367e+03,-1.885537366e+03,-6.202118348e-02,-5.738188137e-08,5.818111221e-02,3.881546444e-02
2.390000000e-07,3.000000000e+00,2.774847980e+00,2.774847703e+00,1.680814506e-16,-1.844721630e+03,-1.846146690e+03,-1.846146690e+03,-1.847477492e+03,-1.847477492e+03,-6.078436341e-02,-5.549695682e-08,5.702086215e-02,3.804140031e-02
2.400000000e-07,3.000000000e+00,2.675570505e+00,2.675570238e+00,1.018630553e-16,-1.807475713e+03,-1.808872355e+03,-1.808872354e+03,-1.810176618e+03,-1.810176617e+03,-5.957220835e-02,-5.351140743e-08,5.588375011e-02,3.728277278e-02
2.410000000e-07,3.000000000e+00,2.571653591e+00,2.571653334e+00,1.715530965e-16,-1.770972565e+03,-1.772341355e+03,-1.772341354e+03,-1.773619608e+03,-1.773619607e+03,-5.838422642e-02,-5.143306921e-08,5.476931467e-02,3.653927401e-02
2.420000000e-07,3.000000000e+00,2.463507349e+00,2.463507103e+00,2.198105681e-16,-1.735197372e+03,-1.736538866e+03,-1.736538865e+03,-1.737791628e+03,-1.737791628e+03,-5.721993555e-02,-4.927014451e-08,5.367710362e-02,3.581060230e-02
2.430000000e-07,3.000000000e+00,2.351558584e+00,2.351558349e+00,2.779304824e-16,-1.700135618e+03,-1.701450360e+03,-1.701450359e+03,-1.702678140e+03,-1.702678139e+03,-5.607886329e-02,-4.703116931e-08,5.260667374e-02,3.509646196e-02
2.440000000e-07,3.000000000e+00,2.236249106e+00,2.236248883e+00,7.731546637e-05,-1.665775517e+03,-1.667063954e+03,-1.667063953e+03,-1.668267170e+03,-1.668267169e+03,-5.495686296e-02,-4.472497985e-08,5.155413725e-02,3.439428750e-02
2.450000000e-07,3.000000000e+00,2.118033991e+00,2.118033779e+00,7.791824062e-03,-1.632338849e+03,-1.633593164e+03,-1.633593163e+03,-1.634764608e+03,-1.634764608e+03,-5.350125088e-02,-4.236067767e-08,5.018892627e-02,3.348621433e-02
2.460000000e-07,3.000000000e+00,1.997379776e+00,1.997379577e+00,3.177049733e-02,-1.600273162e+03,-1.601477085e+03,-1.601477084e+03,-1.602601665e+03,-1.602601664e+03,-5.135220981e-02,-3.994759349e-08,4.817291720e-02,3.214691810e-02
2.470000000e-07,3.000000000e+00,1.874762631e+00,1.874762444e+00,7.997081209e-02,-1.570191422e+03,-1.571322350e+03,-1.571322349e+03,-1.572379040e+03,-1.572379039e+03,-4.823999474e-02,-3.749525072e-08,4.525283265e-02,3.020690194e-02
2.480000000e-07,3.000000000e+00,1.750666469e+00,1.750666294e+00,1.687334656e-01,-1.543051818e+03,-1.544074579e+03,-1.544074577e+03,-1.545030688e+03,-1.545030686e+03,-4.362731522e-02,-3.501332761e-08,4.092589827e-02,2.733290306e-02
2.490000000e-07,3.000000000e+00,1.625581041e+00,1.625580879e+00,3.494705195e-01,-1.520874402e+03,-1.521715561e+03,-1.521715557e+03,-1.522502962e+03,-1.522502959e+03,-3.587730247e-02,-3.251161919e-08,3.366157005e-02,2.251250218e-02
2.500000000e-07,3.000000000e+00,1.500000000e+00,1.499999850e+00,2.512400131e+00,-1.522096472e+03,-1.522099908e+03,-1.522099891e+03,-1.522112492e+03,-1.522112481e+03,-3.253757279e-05,-2.999999849e-08,1.526484323e-04,3.752573595e-04
2.510000000e-07,3.000000000e+00,1.374419404e+00,1.374419267e+00,2.781867495e+00,-1.522059237e+03,-1.522059524e+03,-1.522059524e+03,-1.522060285e+03,-1.522060285e+03,-2.176186512e-05,-2.748838669e-08,2.671808909e-05,3.697653888e-05
2.520000000e-07,3.000000000e+00,1.249333974e+00,1.249333849e+00,2.894129247e+00,-1.522011798e+03,-1.522012060e+03,-1.522012060e+03,-1.522012661e+03,-1.522012661e+03,-1.299876429e-05,-2.498667823e-08,2.569633180e-05,3.240430592e-05
2.530000000e-07,3.000000000e+00,1.125237809e+00,1.125237696e+00,2.954504597e+00,-1.521964238e+03,-1.521964500e+03,-1.521964500e+03,-1.521965099e+03,-1.521965099e+03,-6.490800867e-06,-2.250475503e-08,2.568331080e-05,3.234256836e-05
2.540000000e-07,3.000000000e+00,1.002620658e+00,1.002620558e+00,2.986017737e+00,-1.521916678e+03,-1.521916940e+03,-1.521916940e+03,-1.521917539e+03,-1.521917539e+03,-2.261430568e-06,-2.005241216e-08,2.568234902e-05,3.234075304e-05
2.550000000e-07,3.000000000e+00,8.819664370e-01,8.819663488e-01,2.998694009e+00,-1.521869120e+03,-1.521869382e+03,-1.521869382e+03,-1.521869981e+03,-1.521869981e+03,-2.596164900e-07,-1.763932784e-08,2.568154438e-05,3.233973177e-05
2.560000000e-07,3.000000000e+00,7.637508952e-01,7.637508188e-01,2.999842999e+00,-1.521821564e+03,-1.521821825e+03,-1.521821825e+03,-1.521822424e+03,-1.521822424e+03,-5.922841367e-08,-1.527501714e-08,2.568002288e-05,3.233824727e-05
2.570000000e-07,3.000000000e+00,6.484418238e-01,6.484417589e-01,2.999854310e+00,-1.521774008e+03,-1.521774270e+03,-1.521774270e+03,-1.521774869e+03,-1.521774869e+03,-5.999831760e-08,-1.296883582e-08,2.567993664e-05,3.233770326e-05
2.580000000e-07,3.000000000e+00,5.364930468e-01,5.364929932e-01,2.999863829e+00,-1.521726455e+03,-1.521726716e+03,-1.521726716e+03,-1.521727315e+03,-1.521727315e+03,-5.999841552e-08,-1.072986039e-08,2.567913685e-05,3.233669989e-05
2.590000000e-07,3.000000000e+00,4.283471039e-01,4.283470611e-01,2.999871913e+00,-1.521678903e+03,-1.521679164e+03,-1.521679164e+03,-1.521679763e+03,-1.521679763e+03,-5.999833341e-08,-8.566941641e-09,2.567833428e-05,3.233568940e-05
2.600000000e-07,3.000000000e+00,3.244301621e-01,3.244301297e-01,2.999878826e+00,-1.521631352e+03,-1.521631613e+03,-1.521631613e+03,-1.521632213e+03,-1.521632213e+03,-5.999840256e-08,-6.488602917e-09,2.567753186e-05,3.233467895e-05
2.610000000e-07,3.000000000e+00,2.251526575e-01,2.251526349e-01,2.999884767e+00,-1.521583803e+03,-1.521584064e+03,-1.521584064e+03,-1.521584663e+03,-1.521584663e+03,-5.999846200e-08,-4.503052919e-09,2.567672947e-05,3.233366853e-05
2.620000000e-07,3.000000000e+00,1.309063928e-01,1.309063797e-01,2.999889892e+00,-1.521536255e+03,-1.521536516e+03,-1.521536516e+03,-1.521537116e+03,-1.521537116e+03,-5.999851327e-08,-2.618127724e-09,2.567592710e-05,3.233265814e-05
2.630000000e-07,3.000000000e+00,4.206331516e-02,4.206331096e-02,2.999894322e+00,-1.521488709e+03,-1.521488970e+03,-1.521488970e+03,-1.521489569e+03,-1.521489569e+03,-5.999855760e-08,-8.412662611e-10,2.567512476e-05,3.233164778e-05
2.640000000e-07,3.000000000e+00,-4.102595246e-02,-4.102594836e-02,2.999898155e+00,-1.521441164e+03,-1.521441426e+03,-1.521441426e+03,-1.521442025e+03,-1.521442025e+03,-5.999859595e-08,8.205190076e-10,2.567432243e-05,3.233063745e-05
2.650000000e-07,3.000000000e+00,-1.180334947e-01,-1.180334829e-01,2.999901467e+00,-1.521393621e+03,-1.521393882e+03,-1.521393882e+03,-1.521394481e+03,-1.521394481e+03,-5.999862910e-08,2.360669774e-09,2.567352014e-05,3.232962716e-05
2.660000000e-07,3.000000000e+00,-1.886553979e-01,-1.886553790e-01,2.999904320e+00,-1.521346079e+03,-1.521346341e+03,-1.521346341e+03,-1.521346940e+03,-1.521346940e+03,-5.999865766e-08,3.773107764e-09,2.567271788e-05,3.232861689e-05
2.670000000e-07,3.000000000e+00,-2.526129497e-01,-2.526129245e-01,2.999906766e+00,-1.521298539e+03,-1.521298800e+03,-1.521298800e+03,-1.521299399e+03,-1.521299399e+03,-5.999868213e-08,5.052258742e-09,2.567191564e-05,3.232760667e-05
2.680000000e-07,3.000000000e+00,-3.096537390e-01,-3.096537080e-01,2.999908843e+00,-1.521251000e+03,-1.521251261e+03,-1.521251261e+03,-1.521251860e+03,-1.521251860e+03,-5.999870293e-08,6.193074468e-09,2.567111342e-05,3.232659647e-05
2.690000000e-07,3.000000000e+00,-3.595526516e-01,-3.595526157e-01,2.999910586e+00,-1.521203463e+03,-1.521203724e+03,-1.521203724e+03,-1.521204323e+03,-1.521204323e+03,-5.999872039e-08,7.191052665e-09,2.567031123e-05,3.232558630e-05
2.700000000e-07,3.000000000e+00,-4.021127595e-01,-4.021127193e-01,2.999912021e+00,-1.521155927e+03,-1.521156188e+03,-1.521156188e+03,-1.521156787e+03,-1.521156787e+03,-5.999873476e-08,8.042254778e-09,2.566950906e-05,3.232457616e-05
2.710000000e-07,3.000000000e+00,-4.371660974e-01,-4.371660536e-01,2.999913169e+00,-1.521108393e+03,-1.521108654e+03,-1.521108654e+03,-1.521109253e+03,-1.521109253e+03,-5.999874626e-08,8.743321503e-09,2.566870692e-05,3.232356606e-05
2.720000000e-07,3.000000000e+00,-4.645743256e-01,-4.645742792e-01,2.999914046e+00,-1.521060860e+03,-1.521061121e+03,-1.521061121e+03,-1.521061720e+03,-1.521061720e+03,-5.999875505e-08,9.291486040e-09,2.566790481e-05,3.232255599e-05
2.730000000e-07,3.000000000e+00,-4.842292765e-01,-4.842292281e-01,2.999914664e+00,-1.521013328e+03,-1.521013590e+03,-1.521013590e+03,-1.521014189e+03,-1.521014189e+03,-5.999876125e-08,9.684585040e-09,2.566710271e-05,3.232154594e-05
2.740000000e-07,3.000000000e+00,-4.960533810e-01,-4.960533314e-01,2.999915031e+00,-1.520965798e+03,-1.520966060e+03,-1.520966060e+03,-1.520966659e+03,-1.520966659e+03,-5.999876495e-08,9.921067116e-09,2.566630064e-05,3.232053593e-05
2.750000000e-07,3.000000000e+00,-4.999999747e-01,-4.999999247e-01,2.999915153e+00,-1.520918270e+03,-1.520918531e+03,-1.520918531e+03,-1.520919130e+03,-1.520919130e+03,-5.999876619e-08,9.999998989e-09,2.566549860e-05,3.231952595e-05
2.760000000e-07,3.000000000e+00,-4.960534822e-01,-4.960534326e-01,2.999915031e+00,-1.520870743e+03,-1.520871005e+03,-1.520871005e+03,-1.520871603e+03,-1.520871603e+03,-5.999876500e-08,9.921069140e-09,2.566469659e-05,3.231851601e-05
2.770000000e-07,3.000000000e+00,-4.842294785e-01,-4.842294301e-01,2.999914664e+00,-1.520823218e+03,-1.520823479e+03,-1.520823479e+03,-1.520824078e+03,-1.520824078e+03,-5.999876135e-08,9.684589080e-09,2.566389459e-05,3.231750609e-05
2.780000000e-07,3.000000000e+00,-4.645746276e-01,-4.645745811e-01,2.999914046e+00,-1.520775694e+03,-1.520775955e+03,-1.520775955e+03,-1.520776554e+03,-1.520776554e+03,-5.999875519e-08,9.291492079e-09,2.566309262e-05,3.231649620e-05
2.790000000e-07,3.000000000e+00,-4.371664981e-01,-4.371664544e-01,2.999913169e+00,-1.520728171e+03,-1.520728433e+03,-1.520728433e+03,-1.520729032e+03,-1.520729032e+03,-5.999874645e-08,8.743329518e-09,2.566229069e-05,3.231548636e-05
2.800000000e-07,3.000000000e+00,-4.021132575e-01,-4.021132173e-01,2.999912021e+00,-1.520680650e+03,-1.520680912e+03,-1.520680912e+03,-1.520681511e+03,-1.520681511e+03,-5.999873500e-08,8.042264745e-09,2.566148877e-05,3.231447653e-05
2.810000000e-07,3.000000000e+00,-3.595532448e-01,-3.595532089e-01,2.999910586e+00,-1.520633131e+03,-1.520633392e+03,-1.520633392e+03,-1.520633991e+03,-1.520633991e+03,-5.999872067e-08,7.191064529e-09,2.566068688e-05,3.231346674e-05
2.820000000e-07,3.000000000e+00,-3.096544251e-01,-3.096543941e-01,2.999908843e+00,-1.520585613e+03,-1.520585874e+03,-1.520585874e+03,-1.520586473e+03,-1.520586473e+03,-5.999870327e-08,6.193088190e-09,2.565988501e-05,3.231245698e-05
2.830000000e-07,3.000000000e+00,-2.526137261e-01,-2.526137008e-01,2.999906766e+00,-1.520538096e+03,-1.520538358e+03,-1.520538358e+03,-1.520538957e+03,-1.520538957e+03,-5.999868251e-08,5.052274268e-09,2.565908317e-05,3.231144726e-05
2.840000000e-07,3.000000000e+00,-1.886562613e-01,-1.886562425e-01,2.999904321e+00,-1.520490581e+03,-1.520490843e+03,-1.520490843e+03,-1.520491441e+03,-1.520491441e+03,-5.999865809e-08,3.773125036e-09,2.565828136e-05,3.231043757e-05
2.850000000e-07,3.000000000e+00,-1.180344419e-01,-1.180344300e-01,2.999901467e+00,-1.520443068e+03,-1.520443329e+03,-1.520443329e+03,-1.520443928e+03,-1.520443928e+03,-5.999862957e-08,2.360688717e-09,2.565747957e-05,3.230942790e-05
2.860000000e-07,3.000000000e+00,-4.102697962e-02,-4.102697552e-02,2.999898155e+00,-1.520395556e+03,-1.520395817e+03,-1.520395817e+03,-1.520396416e+03,-1.520396416e+03,-5.999859648e-08,8.205395508e-10,2.565667780e-05,3.230841827e-05
2.870000000e-07,3.000000000e+00,4.206221207e-02,4.206220786e-02,2.999894322e+00,-1.520348045e+03,-1.520348307e+03,-1.520348307e+03,-1.520348905e+03,-1.520348905e+03,-5.999855818e-08,-8.412441991e-10,2.565587606e-05,3.230740867e-05
2.880000000e-07,3.000000000e+00,1.309052181e-01,1.309052050e-01,2.999889892e+00,-1.520300536e+03,-1.520300798e+03,-1.520300798e+03,-1.520301396e+03,-1.520301396e+03,-5.999851389e-08,-2.618104230e-09,2.565507434e-05,3.230639910e-05
2.890000000e-07,3.000000000e+00,2.251514158e-01,2.251513933e-01,2.999884767e+00,-1.520253029e+03,-1.520253290e+03,-1.520253290e+03,-1.520253889e+03,-1.520253889e+03,-5.999846267e-08,-4.503028087e-09,2.565427265e-05,3.230538957e-05
2.900000000e-07,3.000000000e+00,3.244288585e-01,3.244288260e-01,2.999878826e+00,-1.520205522e+03,-1.520205784e+03,-1.520205784e+03,-1.520206382e+03,-1.520206382e+03,-5.999840328e-08,-6.488576850e-09,2.565347099e-05,3.230438006e-05
2.910000000e-07,3.000000000e+00,4.283457433e-01,4.283457005e-01,2.999871913e+00,-1.520158018e+03,-1.520158279e+03,-1.520158279e+03,-1.520158878e+03,-1.520158878e+03,-5.999833418e-08,-8.566914430e-09,2.565266935e-05,3.230337059e-05
2.920000000e-07,3.000000000e+00,5.364919579e-01,5.364919043e-01,2.999863829e+00,-1.520110515e+03,-1.520110776e+03,-1.520110776e+03,-1.520111375e+03,-1.520111375e+03,-5.999825336e-08,-1.072983861e-08,2.565186773e-05,3.230236115e-05
2.930000000e-07,3.000000000e+00,6.484410218e-01,6.484409570e-01,2.999854310e+00,-1.520063013e+03,-1.520063274e+03,-1.520063274e+03,-1.520063873e+03,-1.520063873e+03,-5.999832081e-08,-1.296881978e-08,2.565106629e-05,3.230135183e-05
2.940000000e-07,3.000000000e+00,7.637504877e-01,7.637504114e-01,2.999843006e+00,-1.520015513e+03,-1.520015774e+03,-1.520015774e+03,-1.520016372e+03,-1.520016372e+03,-5.999820779e-08,-1.527500899e-08,2.565026472e-05,3.230034245e-05
2.950000000e-07,3.000000000e+00,8.819655941e-01,8.819655059e-01,2.998694033e+00,-1.519968014e+03,-1.519968275e+03,-1.519968275e+03,-1.519968874e+03,-1.519968874e+03,-2.596119885e-07,-1.763931100e-08,2.564946318e-05,3.229933310e-05
2.960000000e-07,3.000000000e+00,1.002619800e+00,1.002619700e+00,2.986017878e+00,-1.519920516e+03,-1.519920778e+03,-1.519920778e+03,-1.519921376e+03,-1.519921376e+03,-2.261408771e-06,-2.005239497e-08,2.564866166e-05,3.229832378e-05
2.970000000e-07,3.000000000e+00,1.125236938e+00,1.125236826e+00,2.954504891e+00,-1.519873021e+03,-1.519873282e+03,-1.519873282e+03,-1.519873880e+03,-1.519873880e+03,-6.490763060e-06,-2.250473762e-08,2.564786017e-05,3.229731449e-05
2.980000000e-07,3.000000000e+00,1.249333095e+00,1.249332970e+00,2.894129778e+00,-1.519825526e+03,-1.519825787e+03,-1.519825787e+03,-1.519826386e+03,-1.519826386e+03,-1.299871028e-05,-2.498666064e-08,2.564705871e-05,3.229630524e-05
2.990000000e-07,3.000000000e+00,1.374418520e+00,1.374418382e+00,2.781868254e+00,-1.519778033e+03,-1.519778295e+03,-1.519778295e+03,-1.519778893e+03,-1.519778893e+03,-2.176179501e-05,-2.748836900e-08,2.564625726e-05,3.229529602e-05
3.000000000e-07,3.000000000e+00,1.499999866e+00,1.499999716e+00,2.512400970e+00,-1.519730542e+03,-1.519730803e+03,-1.519730803e+03,-1.519731401e+03,-1.519731401e+03,-3.253807806e-05,-2.999999580e-08,2.564545598e-05,3.229428691e-05
